date_key,state_key,maker_key,fuel_key,vehicle_category_key,registrations
202305,37,2,1,1,1
202309,37,2,1,1,3
202310,37,2,1,1,5
202311,37,2,1,1,2
202312,37,2,1,1,1
202301,37,4,1,1,1
202302,37,4,1,1,1
202304,37,4,1,1,1
202307,37,4,1,1,5
202308,37,4,1,1,4
202309,37,4,1,1,8
202310,37,4,1,1,7
202311,37,4,1,1,6
202312,37,4,1,1,2
202301,37,5,1,1,40
202302,37,5,1,1,7
202303,37,5,1,1,4
202304,37,5,1,1,5
202306,37,5,1,1,2
202309,37,5,1,1,1
202310,37,5,1,1,1
202311,37,5,1,1,1
202301,37,6,1,1,23
202302,37,6,1,1,20
202303,37,6,1,1,17
202304,37,6,1,1,6
202305,37,6,1,1,14
202306,37,6,1,1,10
202307,37,6,1,1,12
202308,37,6,1,1,8
202309,37,6,1,1,7
202310,37,6,1,1,11
202311,37,6,1,1,6
202312,37,6,1,1,4
202301,37,7,1,1,7
202302,37,7,1,1,5
202303,37,7,1,1,10
202304,37,7,1,1,4
202306,37,7,1,1,5
202307,37,7,1,1,5
202308,37,7,1,1,1
202310,37,7,1,1,1
202301,37,8,1,1,315
202302,37,8,1,1,249
202303,37,8,1,1,262
202304,37,8,1,1,133
202305,37,8,1,1,280
202306,37,8,1,1,111
202307,37,8,1,1,59
202308,37,8,1,1,113
202309,37,8,1,1,26
202310,37,8,1,1,14
202311,37,8,1,1,10
202312,37,8,1,1,12
202301,37,9,1,1,4370
202302,37,9,1,1,5850
202303,37,9,1,1,9349
202304,37,9,1,1,8324
202305,37,9,1,1,9636
202306,37,9,1,1,1603
202307,37,9,1,1,1414
202308,37,9,1,1,773
202309,37,9,1,1,586
202310,37,9,1,1,358
202311,37,9,1,1,281
202312,37,9,1,1,372
202301,37,10,1,1,151
202302,37,10,1,1,212
202303,37,10,1,1,262
202304,37,10,1,1,304
202305,37,10,1,1,642
202306,37,10,1,1,78
202307,37,10,1,1,30
202308,37,10,1,1,27
202309,37,10,1,1,35
202310,37,10,1,1,35
202311,37,10,1,1,28
202312,37,10,1,1,52
202301,37,11,1,1,1
202302,37,11,1,1,4
202303,37,11,1,1,4
202304,37,11,1,1,1
202305,37,11,1,1,1
202306,37,11,1,1,3
202307,37,11,1,1,1
202308,37,11,1,1,7
202309,37,11,1,1,4
202310,37,11,1,1,12
202311,37,11,1,1,6
202312,37,11,1,1,7
202307,37,12,1,1,2
202308,37,12,1,1,2
202309,37,12,1,1,1
202310,37,12,1,1,1
202311,37,12,1,1,1
202312,37,12,1,1,1
202306,37,15,1,1,1
202307,37,15,1,1,2
202309,37,15,1,1,7
202311,37,15,1,1,2
202312,37,15,1,1,1
202311,37,14,1,1,1
202307,37,13,1,1,1
202308,37,13,1,1,14
202309,37,13,1,1,15
202310,37,13,1,1,15
202311,37,13,1,1,8
202312,37,13,1,1,8
202301,37,18,1,1,9682
202302,37,18,1,1,10707
202303,37,18,1,1,12788
202304,37,18,1,1,8335
202305,37,18,1,1,16412
202306,37,18,1,1,4860
202307,37,18,1,1,7168
202308,37,18,1,1,7734
202309,37,18,1,1,7730
202310,37,18,1,1,9074
202311,37,18,1,1,10059
202312,37,18,1,1,7262
202301,37,19,1,1,1
202301,37,20,1,1,1
202302,37,20,1,1,6
202303,37,20,1,1,26
202304,37,20,1,1,9
202305,37,20,1,1,18
202306,37,20,1,1,14
202307,37,20,1,1,16
202308,37,20,1,1,10
202309,37,20,1,1,11
202310,37,20,1,1,6
202311,37,20,1,1,11
202312,37,20,1,1,13
202301,37,21,1,1,8
202302,37,21,1,1,19
202303,37,21,1,1,10
202304,37,21,1,1,9
202305,37,21,1,1,10
202306,37,21,1,1,11
202307,37,21,1,1,8
202308,37,21,1,1,9
202309,37,21,1,1,8
202310,37,21,1,1,8
202311,37,21,1,1,6
202312,37,21,1,1,6
202311,37,22,1,1,3
202312,37,22,1,1,1
202301,37,23,1,1,2718
202302,37,23,1,1,1284
202303,37,23,1,1,2271
202304,37,23,1,1,3862
202305,37,23,1,1,10401
202306,37,23,1,1,3096
202307,37,23,1,1,4335
202308,37,23,1,1,6841
202309,37,23,1,1,7513
202310,37,23,1,1,9352
202311,37,23,1,1,12372
202312,37,23,1,1,11067
202301,37,24,1,1,185
202302,37,24,1,1,132
202303,37,24,1,1,83
202304,37,24,1,1,675
202305,37,24,1,1,1255
202306,37,24,1,1,91
202307,37,24,1,1,136
202308,37,24,1,1,296
202309,37,24,1,1,272
202310,37,24,1,1,256
202311,37,24,1,1,714
202312,37,24,1,1,275
202301,37,25,1,1,593
202302,37,25,1,1,355
202303,37,25,1,1,462
202304,37,25,1,1,348
202305,37,25,1,1,273
202306,37,25,1,1,260
202307,37,25,1,1,202
202308,37,25,1,1,147
202309,37,25,1,1,172
202310,37,25,1,1,105
202311,37,25,1,1,101
202312,37,25,1,1,80
202301,37,26,1,1,815
202302,37,26,1,1,712
202303,37,26,1,1,798
202304,37,26,1,1,795
202305,37,26,1,1,2046
202306,37,26,1,1,202
202307,37,26,1,1,687
202308,37,26,1,1,968
202309,37,26,1,1,961
202310,37,26,1,1,1199
202311,37,26,1,1,1642
202312,37,26,1,1,1232
202301,37,27,1,1,10
202302,37,27,1,1,8
202303,37,27,1,1,13
202304,37,27,1,1,6
202305,37,27,1,1,4
202306,37,27,1,1,3
202307,37,27,1,1,1
202308,37,27,1,1,7
202309,37,27,1,1,5
202311,37,27,1,1,5
202312,37,27,1,1,3
202301,37,30,1,1,2
202302,37,30,1,1,3
202303,37,30,1,1,7
202304,37,30,1,1,3
202305,37,30,1,1,4
202306,37,30,1,1,3
202307,37,30,1,1,75
202308,37,30,1,1,14
202309,37,30,1,1,29
202310,37,30,1,1,9
202311,37,30,1,1,33
202312,37,30,1,1,25
202301,37,31,1,1,520
202302,37,31,1,1,416
202303,37,31,1,1,363
202304,37,31,1,1,324
202305,37,31,1,1,720
202306,37,31,1,1,164
202307,37,31,1,1,198
202308,37,31,1,1,132
202309,37,31,1,1,153
202310,37,31,1,1,104
202311,37,31,1,1,246
202312,37,31,1,1,225
202301,37,33,1,1,43
202302,37,33,1,1,63
202303,37,33,1,1,64
202304,37,33,1,1,46
202305,37,33,1,1,46
202306,37,33,1,1,37
202307,37,33,1,1,60
202308,37,33,1,1,41
202309,37,33,1,1,32
202310,37,33,1,1,17
202311,37,33,1,1,31
202312,37,33,1,1,31
202301,37,34,1,1,627
202302,37,34,1,1,1319
202303,37,34,1,1,2356
202304,37,34,1,1,393
202305,37,34,1,1,109
202306,37,34,1,1,4
202307,37,34,1,1,3
202308,37,34,1,1,8
202311,37,34,1,1,74
202304,37,35,1,1,3
202305,37,35,1,1,9
202306,37,35,1,1,9
202307,37,35,1,1,30
202308,37,35,1,1,14
202309,37,35,1,1,39
202310,37,35,1,1,6
202311,37,35,1,1,10
202312,37,35,1,1,15
202301,37,39,1,1,17
202302,37,39,1,1,18
202303,37,39,1,1,37
202304,37,39,1,1,21
202305,37,39,1,1,11
202306,37,39,1,1,39
202307,37,39,1,1,28
202308,37,39,1,1,25
202309,37,39,1,1,30
202310,37,39,1,1,14
202311,37,39,1,1,28
202312,37,39,1,1,15
202306,37,40,1,1,1
202309,37,40,1,1,1
202311,37,41,1,1,4
202312,37,41,1,1,7
202311,37,42,1,1,1
202312,37,42,1,1,1
202301,37,48,1,1,9
202302,37,48,1,1,10
202303,37,48,1,1,15
202304,37,48,1,1,8
202305,37,48,1,1,7
202306,37,48,1,1,7
202307,37,48,1,1,71
202308,37,48,1,1,4
202309,37,48,1,1,4
202310,37,48,1,1,96
202311,37,48,1,1,1
202312,37,48,1,1,39
202302,37,49,1,1,1
202303,37,49,1,1,2
202304,37,49,1,1,4
202305,37,49,1,1,1
202306,37,49,1,1,10
202307,37,49,1,1,8
202308,37,49,1,1,5
202309,37,49,1,1,6
202310,37,49,1,1,2
202311,37,49,1,1,4
202312,37,49,1,1,1
202301,37,52,1,1,44
202302,37,52,1,1,26
202303,37,52,1,1,32
202304,37,52,1,1,18
202305,37,52,1,1,22
202306,37,52,1,1,20
202307,37,52,1,1,13
202308,37,52,1,1,17
202309,37,52,1,1,6
202310,37,52,1,1,14
202311,37,52,1,1,10
202312,37,52,1,1,8
202301,37,54,1,1,48
202302,37,54,1,1,47
202303,37,54,1,1,22
202304,37,54,1,1,30
202305,37,54,1,1,35
202306,37,54,1,1,34
202307,37,54,1,1,39
202308,37,54,1,1,83
202309,37,54,1,1,16
202310,37,54,1,1,18
202311,37,54,1,1,44
202312,37,54,1,1,56
202310,37,55,1,1,1
202312,37,55,1,1,1
202305,37,43,1,1,1
202307,37,43,1,1,1
202310,37,43,1,1,1
202312,37,43,1,1,2
202305,37,45,1,1,3
202306,37,45,1,1,11
202307,37,45,1,1,3
202308,37,45,1,1,25
202309,37,45,1,1,33
202310,37,45,1,1,14
202311,37,45,1,1,15
202312,37,45,1,1,12
202301,37,57,1,1,52
202302,37,57,1,1,47
202303,37,57,1,1,50
202304,37,57,1,1,51
202305,37,57,1,1,70
202306,37,57,1,1,50
202307,37,57,1,1,71
202308,37,57,1,1,52
202309,37,57,1,1,45
202310,37,57,1,1,35
202311,37,57,1,1,34
202312,37,57,1,1,18
202301,37,58,1,1,6
202302,37,58,1,1,11
202303,37,58,1,1,9
202304,37,58,1,1,8
202305,37,58,1,1,12
202306,37,58,1,1,4
202307,37,58,1,1,5
202308,37,58,1,1,16
202309,37,58,1,1,3
202310,37,58,1,1,2
202311,37,58,1,1,2
202312,37,58,1,1,5
202301,37,61,1,1,4
202302,37,61,1,1,3
202303,37,61,1,1,11
202304,37,61,1,1,4
202305,37,61,1,1,24
202306,37,61,1,1,26
202307,37,61,1,1,13
202308,37,61,1,1,9
202309,37,61,1,1,4
202310,37,61,1,1,3
202311,37,61,1,1,3
202312,37,61,1,1,2
202307,37,62,1,1,4
202308,37,62,1,1,3
202309,37,62,1,1,7
202310,37,62,1,1,12
202311,37,62,1,1,17
202312,37,62,1,1,14
202305,37,64,1,1,3
202307,37,64,1,1,3
202308,37,64,1,1,7
202309,37,64,1,1,1
202311,37,64,1,1,2
202309,37,67,1,1,3
202310,37,67,1,1,34
202311,37,67,1,1,48
202312,37,67,1,1,50
202305,37,68,1,1,71
202311,37,69,1,1,18
202302,37,66,1,1,1
202308,37,66,1,1,9
202309,37,66,1,1,1
202307,37,70,1,1,1
202301,37,71,1,1,313
202302,37,71,1,1,352
202303,37,71,1,1,335
202304,37,71,1,1,267
202305,37,71,1,1,309
202306,37,71,1,1,334
202307,37,71,1,1,254
202308,37,71,1,1,248
202309,37,71,1,1,249
202310,37,71,1,1,189
202311,37,71,1,1,246
202312,37,71,1,1,112
202301,37,74,1,1,87
202302,37,74,1,1,153
202303,37,74,1,1,382
202304,37,74,1,1,551
202305,37,74,1,1,1155
202306,37,74,1,1,1454
202307,37,74,1,1,2211
202308,37,74,1,1,2990
202309,37,74,1,1,3676
202310,37,74,1,1,4269
202311,37,74,1,1,4484
202312,37,74,1,1,3052
202301,37,75,1,1,7
202302,37,75,1,1,3
202303,37,75,1,1,6
202304,37,75,1,1,1
202305,37,75,1,1,1
202306,37,75,1,1,2
202307,37,75,1,1,4
202308,37,75,1,1,2
202311,37,75,1,1,1
202307,37,77,1,1,3
202312,37,77,1,1,1
202301,37,78,1,1,425
202302,37,78,1,1,490
202303,37,78,1,1,431
202304,37,78,1,1,301
202305,37,78,1,1,169
202306,37,78,1,1,80
202307,37,78,1,1,33
202308,37,78,1,1,25
202309,37,78,1,1,44
202310,37,78,1,1,43
202311,37,78,1,1,46
202312,37,78,1,1,36
202301,37,79,1,1,6400
202302,37,79,1,1,5864
202303,37,79,1,1,6669
202304,37,79,1,1,3333
202305,37,79,1,1,2110
202306,37,79,1,1,1137
202307,37,79,1,1,779
202308,37,79,1,1,783
202309,37,79,1,1,845
202310,37,79,1,1,666
202311,37,79,1,1,826
202312,37,79,1,1,552
202301,37,81,1,1,157
202302,37,81,1,1,304
202303,37,81,1,1,298
202304,37,81,1,1,145
202305,37,81,1,1,763
202306,37,81,1,1,499
202307,37,81,1,1,1025
202308,37,81,1,1,971
202309,37,81,1,1,567
202310,37,81,1,1,2026
202311,37,81,1,1,3294
202312,37,81,1,1,1794
202310,37,82,1,1,2
202311,37,82,1,1,2
202312,37,82,1,1,2
202301,37,89,1,1,4
202302,37,89,1,1,3
202303,37,89,1,1,4
202304,37,89,1,1,2
202305,37,89,1,1,4
202306,37,89,1,1,7
202307,37,89,1,1,6
202308,37,89,1,1,7
202309,37,89,1,1,12
202310,37,89,1,1,12
202311,37,89,1,1,12
202312,37,89,1,1,11
202303,37,91,1,1,4
202304,37,91,1,1,1
202305,37,91,1,1,3
202308,37,91,1,1,6
202312,37,91,1,1,4
202301,37,92,1,1,11
202302,37,92,1,1,9
202303,37,92,1,1,19
202304,37,92,1,1,63
202305,37,92,1,1,22
202306,37,92,1,1,20
202307,37,92,1,1,20
202308,37,92,1,1,24
202309,37,92,1,1,12
202310,37,92,1,1,22
202311,37,92,1,1,18
202312,37,92,1,1,33
202302,37,93,1,1,3
202303,37,93,1,1,1
202304,37,93,1,1,5
202305,37,93,1,1,4
202306,37,93,1,1,3
202307,37,93,1,1,1
202308,37,93,1,1,4
202309,37,93,1,1,8
202311,37,93,1,1,1
202312,37,93,1,1,2
202304,37,96,1,1,1
202310,37,96,1,1,1
202301,37,101,1,1,1
202302,37,101,1,1,2
202303,37,101,1,1,9
202304,37,101,1,1,2
202306,37,101,1,1,2
202308,37,101,1,1,1
202309,37,101,1,1,1
202311,37,101,1,1,1
202301,37,103,1,1,149
202302,37,103,1,1,141
202303,37,103,1,1,194
202304,37,103,1,1,227
202305,37,103,1,1,230
202306,37,103,1,1,188
202307,37,103,1,1,227
202308,37,103,1,1,164
202309,37,103,1,1,144
202310,37,103,1,1,148
202311,37,103,1,1,232
202312,37,103,1,1,109
202301,37,104,1,1,1
202302,37,104,1,1,1
202303,37,104,1,1,4
202304,37,104,1,1,9
202305,37,104,1,1,4
202306,37,104,1,1,7
202307,37,104,1,1,9
202308,37,104,1,1,3
202309,37,104,1,1,3
202310,37,104,1,1,2
202311,37,104,1,1,6
202312,37,104,1,1,2
202310,37,108,1,1,2
202311,37,108,1,1,5
202312,37,108,1,1,1
202301,37,109,1,1,29
202302,37,109,1,1,29
202303,37,109,1,1,30
202304,37,109,1,1,64
202305,37,109,1,1,53
202306,37,109,1,1,66
202307,37,109,1,1,82
202308,37,109,1,1,48
202309,37,109,1,1,18
202310,37,109,1,1,11
202311,37,109,1,1,13
202312,37,109,1,1,11
202303,37,110,1,1,3
202304,37,110,1,1,2
202307,37,110,1,1,2
202308,37,110,1,1,2
202311,37,110,1,1,1
202312,37,110,1,1,1
202308,37,111,1,1,4
202309,37,111,1,1,1
202310,37,111,1,1,6
202311,37,111,1,1,9
202305,37,112,1,1,2
202307,37,113,1,1,4
202308,37,113,1,1,1
202309,37,113,1,1,8
202310,37,113,1,1,3
202311,37,113,1,1,6
202303,37,114,1,1,6
202304,37,114,1,1,7
202305,37,114,1,1,3
202306,37,114,1,1,2
202307,37,114,1,1,4
202308,37,114,1,1,8
202309,37,114,1,1,7
202310,37,114,1,1,3
202311,37,114,1,1,7
202312,37,114,1,1,3
202308,37,115,1,1,1
202303,37,117,1,1,1
202304,37,117,1,1,2
202305,37,117,1,1,8
202306,37,117,1,1,4
202307,37,117,1,1,3
202308,37,117,1,1,2
202309,37,117,1,1,7
202311,37,117,1,1,1
202312,37,117,1,1,3
202301,37,121,1,1,1
202302,37,121,1,1,1
202303,37,121,1,1,1
202304,37,121,1,1,1
202308,37,121,1,1,2
202309,37,121,1,1,1
202310,37,121,1,1,1
202311,37,121,1,1,1
202312,37,121,1,1,1
202301,37,124,1,1,9
202302,37,124,1,1,7
202303,37,124,1,1,13
202304,37,124,1,1,7
202305,37,124,1,1,8
202306,37,124,1,1,10
202307,37,124,1,1,9
202308,37,124,1,1,4
202309,37,124,1,1,7
202310,37,124,1,1,1
202311,37,124,1,1,1
202312,37,124,1,1,9
202301,37,122,1,1,52
202302,37,122,1,1,38
202303,37,122,1,1,59
202304,37,122,1,1,42
202305,37,122,1,1,38
202306,37,122,1,1,36
202307,37,122,1,1,48
202308,37,122,1,1,79
202309,37,122,1,1,71
202310,37,122,1,1,33
202311,37,122,1,1,58
202312,37,122,1,1,41
202307,37,123,1,1,1
202311,37,123,1,1,2
202301,37,125,1,1,145
202302,37,125,1,1,59
202303,37,125,1,1,102
202304,37,125,1,1,78
202305,37,125,1,1,81
202306,37,125,1,1,39
202307,37,125,1,1,77
202308,37,125,1,1,64
202309,37,125,1,1,32
202310,37,125,1,1,57
202311,37,125,1,1,34
202312,37,125,1,1,31
202301,37,128,1,1,1
202302,37,128,1,1,1
202303,37,128,1,1,2
202305,37,128,1,1,1
202306,37,128,1,1,3
202301,37,129,1,1,522
202302,37,129,1,1,308
202303,37,129,1,1,350
202304,37,129,1,1,264
202305,37,129,1,1,481
202306,37,129,1,1,41
202307,37,129,1,1,18
202308,37,129,1,1,24
202309,37,129,1,1,166
202310,37,129,1,1,150
202311,37,129,1,1,155
202312,37,129,1,1,138
202310,37,105,1,1,2
202311,37,105,1,1,2
202312,37,105,1,1,1
202301,37,130,1,1,5
202302,37,130,1,1,7
202303,37,130,1,1,12
202304,37,130,1,1,2
202305,37,130,1,1,2
202306,37,130,1,1,4
202307,37,130,1,1,5
202308,37,130,1,1,8
202309,37,130,1,1,1
202311,37,130,1,1,1
202312,37,130,1,1,6
202301,37,131,1,1,8
202302,37,131,1,1,15
202303,37,131,1,1,13
202304,37,131,1,1,7
202305,37,131,1,1,13
202306,37,131,1,1,15
202307,37,131,1,1,14
202308,37,131,1,1,12
202309,37,131,1,1,18
202310,37,131,1,1,36
202311,37,131,1,1,39
202312,37,131,1,1,22
202303,37,133,1,1,3
202304,37,133,1,1,1
202307,37,133,1,1,1
202308,37,133,1,1,2
202309,37,133,1,1,2
202310,37,133,1,1,4
202311,37,133,1,1,4
202312,37,133,1,1,5
202301,37,135,1,1,23
202302,37,135,1,1,37
202303,37,135,1,1,19
202304,37,135,1,1,24
202305,37,135,1,1,12
202306,37,135,1,1,14
202307,37,135,1,1,9
202308,37,135,1,1,7
202309,37,135,1,1,5
202310,37,135,1,1,5
202311,37,135,1,1,4
202312,37,135,1,1,6
202312,37,139,1,1,7
202303,37,140,1,1,4
202304,37,140,1,1,2
202305,37,140,1,1,4
202306,37,140,1,1,1
202308,37,140,1,1,4
202309,37,140,1,1,4
202310,37,140,1,1,6
202311,37,140,1,1,21
202312,37,140,1,1,5
202311,37,144,1,1,8
202312,37,144,1,1,3
202304,37,142,1,1,1
202305,37,142,1,1,1
202309,37,142,1,1,2
202310,37,142,1,1,1
202301,37,149,1,1,1037
202302,37,149,1,1,825
202303,37,149,1,1,1672
202304,37,149,1,1,859
202305,37,149,1,1,986
202306,37,149,1,1,206
202307,37,149,1,1,239
202308,37,149,1,1,389
202309,37,149,1,1,237
202310,37,149,1,1,407
202311,37,149,1,1,431
202312,37,149,1,1,671
202312,37,150,1,1,1
202301,37,151,1,1,1
202302,37,151,1,1,1
202303,37,151,1,1,1
202304,37,151,1,1,4
202305,37,151,1,1,2
202306,37,151,1,1,1
202310,37,151,1,1,1
202311,37,151,1,1,1
202301,37,153,1,1,313
202302,37,153,1,1,338
202303,37,153,1,1,407
202304,37,153,1,1,351
202305,37,153,1,1,364
202306,37,153,1,1,368
202307,37,153,1,1,371
202308,37,153,1,1,427
202309,37,153,1,1,358
202310,37,153,1,1,311
202311,37,153,1,1,337
202312,37,153,1,1,304
202301,37,154,1,1,19
202302,37,154,1,1,25
202303,37,154,1,1,20
202304,37,154,1,1,53
202305,37,154,1,1,21
202306,37,154,1,1,18
202307,37,154,1,1,12
202308,37,154,1,1,50
202309,37,154,1,1,89
202310,37,154,1,1,27
202311,37,154,1,1,79
202312,37,154,1,1,127
202301,37,155,1,1,122
202302,37,155,1,1,204
202303,37,155,1,1,190
202304,37,155,1,1,321
202305,37,155,1,1,1011
202306,37,155,1,1,119
202307,37,155,1,1,151
202308,37,155,1,1,211
202309,37,155,1,1,807
202310,37,155,1,1,1140
202311,37,155,1,1,1258
202312,37,155,1,1,771
202312,37,156,1,1,5
202307,37,160,1,1,1
202309,37,160,1,1,2
202310,37,160,1,1,1
202311,37,160,1,1,2
202312,37,160,1,1,2
202301,37,161,1,1,1
202303,37,161,1,1,1
202301,37,162,1,1,3
202308,37,162,1,1,1
202308,37,165,1,1,1
202312,37,163,1,1,1
202301,37,167,1,1,14
202302,37,167,1,1,7
202303,37,167,1,1,22
202304,37,167,1,1,9
202305,37,167,1,1,8
202306,37,167,1,1,7
202307,37,167,1,1,23
202308,37,167,1,1,10
202309,37,167,1,1,9
202310,37,167,1,1,16
202311,37,167,1,1,11
202312,37,167,1,1,11
202306,37,169,1,1,1
202301,37,170,1,1,1
202305,37,170,1,1,78
202309,37,170,1,1,1
202310,37,170,1,1,1
202311,37,170,1,1,43
202312,37,170,1,1,4
202301,37,172,1,1,47
202302,37,172,1,1,28
202303,37,172,1,1,39
202304,37,172,1,1,17
202305,37,172,1,1,33
202306,37,172,1,1,18
202307,37,172,1,1,14
202308,37,172,1,1,6
202309,37,172,1,1,7
202310,37,172,1,1,7
202312,37,172,1,1,2
202303,37,173,1,1,1
202305,37,173,1,1,1
202301,37,174,1,1,5
202302,37,174,1,1,10
202303,37,174,1,1,12
202304,37,174,1,1,12
202305,37,174,1,1,12
202306,37,174,1,1,5
202307,37,174,1,1,15
202308,37,174,1,1,8
202309,37,174,1,1,5
202310,37,174,1,1,13
202311,37,174,1,1,3
202312,37,174,1,1,6
202308,37,176,1,1,6
202309,37,176,1,1,1
202310,37,176,1,1,8
202311,37,176,1,1,3
202312,37,176,1,1,1
202303,37,180,1,1,1
202305,37,180,1,1,2
202306,37,180,1,1,1
202307,37,180,1,1,1
202309,37,180,1,1,1
202311,37,180,1,1,1
202301,37,182,1,1,2
202303,37,182,1,1,1
202305,37,182,1,1,1
202312,37,182,1,1,2
202301,37,184,1,1,12
202302,37,184,1,1,7
202303,37,184,1,1,13
202304,37,184,1,1,5
202305,37,184,1,1,31
202306,37,184,1,1,26
202307,37,184,1,1,22
202308,37,184,1,1,11
202309,37,184,1,1,10
202310,37,184,1,1,9
202311,37,184,1,1,6
202312,37,184,1,1,12
202302,37,185,1,1,94
202303,37,185,1,1,31
202304,37,185,1,1,70
202305,37,185,1,1,3
202306,37,185,1,1,3
202307,37,185,1,1,106
202308,37,185,1,1,86
202309,37,185,1,1,33
202310,37,185,1,1,9
202311,37,185,1,1,18
202312,37,185,1,1,118
202307,37,186,1,1,21
202309,37,186,1,1,26
202310,37,186,1,1,3
202301,37,187,1,1,28
202302,37,187,1,1,20
202303,37,187,1,1,10
202304,37,187,1,1,34
202305,37,187,1,1,24
202306,37,187,1,1,14
202307,37,187,1,1,22
202308,37,187,1,1,19
202309,37,187,1,1,14
202310,37,187,1,1,18
202311,37,187,1,1,12
202312,37,187,1,1,5
202301,37,188,1,1,17
202302,37,188,1,1,23
202303,37,188,1,1,23
202304,37,188,1,1,23
202305,37,188,1,1,174
202306,37,188,1,1,4
202307,37,188,1,1,6
202308,37,188,1,1,6
202309,37,188,1,1,11
202310,37,188,1,1,7
202311,37,188,1,1,10
202312,37,188,1,1,5
202301,37,189,1,1,4472
202302,37,189,1,1,3935
202303,37,189,1,1,4588
202304,37,189,1,1,3262
202305,37,189,1,1,2963
202306,37,189,1,1,2658
202307,37,189,1,1,2302
202308,37,189,1,1,2025
202309,37,189,1,1,1819
202310,37,189,1,1,1491
202311,37,189,1,1,1629
202312,37,189,1,1,985
202301,37,190,1,1,19374
202302,37,190,1,1,18475
202303,37,190,1,1,22222
202304,37,190,1,1,22898
202305,37,190,1,1,30201
202306,37,190,1,1,18357
202307,37,190,1,1,20328
202308,37,190,1,1,19516
202309,37,190,1,1,19244
202310,37,190,1,1,24529
202311,37,190,1,1,30683
202312,37,190,1,1,31783
202301,37,191,1,1,12
202302,37,191,1,1,9
202303,37,191,1,1,8
202304,37,191,1,1,7
202305,37,191,1,1,8
202306,37,191,1,1,7
202307,37,191,1,1,7
202308,37,191,1,1,5
202309,37,191,1,1,3
202312,37,191,1,1,3
202301,37,192,1,1,1265
202302,37,192,1,1,1232
202303,37,192,1,1,1765
202304,37,192,1,1,1563
202305,37,192,1,1,3878
202306,37,192,1,1,424
202307,37,192,1,1,784
202308,37,192,1,1,1151
202309,37,192,1,1,884
202310,37,192,1,1,874
202311,37,192,1,1,1297
202312,37,192,1,1,710
202301,37,194,1,1,72
202302,37,194,1,1,49
202303,37,194,1,1,58
202304,37,194,1,1,40
202305,37,194,1,1,38
202306,37,194,1,1,28
202307,37,194,1,1,11
202308,37,194,1,1,7
202309,37,194,1,1,11
202310,37,194,1,1,13
202311,37,194,1,1,14
202312,37,194,1,1,13
202301,37,195,1,1,30
202302,37,195,1,1,50
202303,37,195,1,1,51
202304,37,195,1,1,34
202305,37,195,1,1,25
202306,37,195,1,1,39
202307,37,195,1,1,43
202308,37,195,1,1,27
202309,37,195,1,1,4
202310,37,195,1,1,18
202311,37,195,1,1,17
202312,37,195,1,1,13
202301,37,196,1,1,10
202302,37,196,1,1,22
202303,37,196,1,1,26
202304,37,196,1,1,15
202305,37,196,1,1,15
202306,37,196,1,1,13
202307,37,196,1,1,12
202308,37,196,1,1,30
202309,37,196,1,1,20
202310,37,196,1,1,14
202311,37,196,1,1,10
202312,37,196,1,1,27
202301,37,198,1,1,826
202302,37,198,1,1,573
202303,37,198,1,1,636
202304,37,198,1,1,571
202305,37,198,1,1,559
202306,37,198,1,1,879
202307,37,198,1,1,565
202308,37,198,1,1,553
202309,37,198,1,1,561
202310,37,198,1,1,521
202311,37,198,1,1,961
202312,37,198,1,1,776
202304,37,200,1,1,6
202305,37,200,1,1,6
202306,37,200,1,1,14
202307,37,200,1,1,10
202308,37,200,1,1,8
202309,37,200,1,1,6
202310,37,200,1,1,15
202311,37,200,1,1,7
202312,37,200,1,1,9
202307,37,201,1,1,1
202308,37,201,1,1,1
202309,37,201,1,1,1
202311,37,201,1,1,2
202312,37,201,1,1,5
202301,37,202,1,1,43
202302,37,202,1,1,41
202303,37,202,1,1,30
202304,37,202,1,1,87
202305,37,202,1,1,69
202306,37,202,1,1,198
202307,37,202,1,1,339
202308,37,202,1,1,510
202309,37,202,1,1,332
202310,37,202,1,1,296
202311,37,202,1,1,632
202312,37,202,1,1,878
202301,37,205,1,1,14
202302,37,205,1,1,79
202303,37,205,1,1,1158
202304,37,205,1,1,551
202305,37,205,1,1,590
202306,37,205,1,1,749
202307,37,205,1,1,502
202308,37,205,1,1,531
202309,37,205,1,1,904
202310,37,205,1,1,719
202311,37,205,1,1,687
202312,37,205,1,1,706
202301,37,206,1,1,94
202302,37,206,1,1,88
202303,37,206,1,1,91
202304,37,206,1,1,72
202305,37,206,1,1,76
202306,37,206,1,1,74
202307,37,206,1,1,61
202308,37,206,1,1,69
202309,37,206,1,1,62
202310,37,206,1,1,47
202311,37,206,1,1,45
202312,37,206,1,1,43
202310,37,207,1,1,14
202311,37,207,1,1,43
202312,37,207,1,1,35
202301,37,209,1,1,15
202302,37,209,1,1,7
202303,37,209,1,1,6
202304,37,209,1,1,1
202305,37,209,1,1,8
202306,37,209,1,1,6
202307,37,209,1,1,6
202308,37,209,1,1,6
202309,37,209,1,1,4
202310,37,209,1,1,4
202311,37,209,1,1,1
202312,37,209,1,1,4
202302,37,210,1,1,1
202309,37,210,1,1,1
202302,37,211,1,1,3
202303,37,211,1,1,8
202304,37,211,1,1,2
202305,37,211,1,1,2
202306,37,211,1,1,4
202308,37,211,1,1,7
202309,37,211,1,1,10
202310,37,211,1,1,2
202311,37,211,1,1,5
202312,37,211,1,1,1
202301,37,212,1,1,1
202302,37,212,1,1,1
202303,37,212,1,1,7
202305,37,212,1,1,3
202306,37,212,1,1,3
202307,37,212,1,1,1
202308,37,212,1,1,3
202310,37,212,1,1,1
202311,37,212,1,1,2
202305,37,213,1,1,1
202310,37,213,1,1,1
202312,37,213,1,1,1
202306,37,215,1,1,10
202307,37,215,1,1,14
202308,37,215,1,1,13
202309,37,215,1,1,2
202312,37,215,1,1,27
202308,37,216,1,1,2
202309,37,216,1,1,8
202310,37,216,1,1,4
202312,37,216,1,1,1
202303,37,218,1,1,1
202305,37,218,1,1,3
202306,37,218,1,1,9
202307,37,218,1,1,10
202308,37,218,1,1,7
202309,37,218,1,1,20
202310,37,218,1,1,26
202311,37,218,1,1,11
202312,37,218,1,1,45
202301,37,219,1,1,1
202302,37,219,1,1,1
202303,37,219,1,1,4
202304,37,219,1,1,3
202305,37,219,1,1,2
202306,37,219,1,1,4
202307,37,219,1,1,2
202308,37,219,1,1,2
202309,37,219,1,1,3
202310,37,219,1,1,1
202311,37,219,1,1,1
202301,37,222,1,1,4
202303,37,222,1,1,3
202304,37,222,1,1,1
202305,37,222,1,1,38
202306,37,222,1,1,62
202307,37,222,1,1,4
202308,37,222,1,1,7
202309,37,222,1,1,1
202310,37,222,1,1,1
202312,37,222,1,1,7
202303,37,223,1,1,2
202304,37,223,1,1,1
202301,37,229,1,1,5
202303,37,229,1,1,3
202305,37,229,1,1,7
202306,37,229,1,1,10
202307,37,229,1,1,5
202308,37,229,1,1,4
202309,37,229,1,1,7
202310,37,229,1,1,2
202311,37,229,1,1,3
202312,37,229,1,1,2
202301,37,230,1,1,65
202302,37,230,1,1,30
202303,37,230,1,1,96
202304,37,230,1,1,87
202305,37,230,1,1,240
202306,37,230,1,1,48
202307,37,230,1,1,71
202308,37,230,1,1,93
202309,37,230,1,1,154
202310,37,230,1,1,172
202311,37,230,1,1,403
202312,37,230,1,1,209
202301,37,231,1,1,6
202302,37,231,1,1,5
202303,37,231,1,1,2
202304,37,231,1,1,4
202305,37,231,1,1,1
202306,37,231,1,1,5
202307,37,231,1,1,8
202308,37,231,1,1,1
202309,37,231,1,1,4
202310,37,231,1,1,4
202312,37,231,1,1,4
202301,37,232,1,1,11004
202302,37,232,1,1,13308
202303,37,232,1,1,17706
202304,37,232,1,1,9691
202305,37,232,1,1,21749
202306,37,232,1,1,8122
202307,37,232,1,1,10897
202308,37,232,1,1,16348
202309,37,232,1,1,16579
202310,37,232,1,1,17455
202311,37,232,1,1,20448
202312,37,232,1,1,13742
202301,37,233,1,1,3
202303,37,233,1,1,2
202304,37,233,1,1,5
202305,37,233,1,1,1
202306,37,233,1,1,2
202307,37,233,1,1,3
202308,37,233,1,1,2
202309,37,233,1,1,3
202310,37,233,1,1,5
202311,37,233,1,1,3
202312,37,233,1,1,2
202302,37,235,1,1,23
202303,37,235,1,1,37
202304,37,235,1,1,10
202305,37,235,1,1,27
202306,37,235,1,1,46
202307,37,235,1,1,35
202308,37,235,1,1,31
202309,37,235,1,1,23
202310,37,235,1,1,15
202311,37,235,1,1,13
202312,37,235,1,1,11
202301,37,239,1,1,160
202302,37,239,1,1,215
202303,37,239,1,1,260
202304,37,239,1,1,296
202305,37,239,1,1,365
202306,37,239,1,1,440
202307,37,239,1,1,458
202308,37,239,1,1,526
202309,37,239,1,1,690
202310,37,239,1,1,907
202311,37,239,1,1,1188
202312,37,239,1,1,1409
202306,37,240,1,1,1
202301,37,241,1,1,9
202302,37,241,1,1,6
202303,37,241,1,1,4
202304,37,241,1,1,8
202306,37,241,1,1,3
202307,37,241,1,1,3
202308,37,241,1,1,1
202309,37,241,1,1,1
202310,37,241,1,1,3
202311,37,241,1,1,3
202312,37,241,1,1,1
202302,37,244,1,1,1
202303,37,244,1,1,4
202304,37,244,1,1,2
202307,37,244,1,1,1
202308,37,244,1,1,1
202309,37,244,1,1,1
202310,37,244,1,1,2
202311,37,244,1,1,3
202301,37,245,1,1,18
202302,37,245,1,1,21
202303,37,245,1,1,28
202304,37,245,1,1,36
202305,37,245,1,1,36
202306,37,245,1,1,22
202307,37,245,1,1,20
202308,37,245,1,1,23
202309,37,245,1,1,7
202310,37,245,1,1,40
202311,37,245,1,1,16
202312,37,245,1,1,8
202312,37,246,1,1,4
202306,37,249,1,1,3
202307,37,249,1,1,1
202308,37,249,1,1,4
202309,37,249,1,1,1
202312,37,249,1,1,1
202301,37,258,1,1,11
202302,37,258,1,1,10
202303,37,258,1,1,9
202304,37,258,1,1,10
202305,37,258,1,1,6
202306,37,258,1,1,19
202307,37,258,1,1,11
202308,37,258,1,1,13
202309,37,258,1,1,32
202310,37,258,1,1,25
202311,37,258,1,1,24
202312,37,258,1,1,12
202301,37,259,1,1,5
202302,37,259,1,1,8
202303,37,259,1,1,10
202304,37,259,1,1,4
202305,37,259,1,1,1
202306,37,259,1,1,7
202307,37,259,1,1,5
202308,37,259,1,1,4
202309,37,259,1,1,1
202310,37,259,1,1,5
202311,37,259,1,1,2
202312,37,259,1,1,2
202307,37,251,1,1,5
202308,37,251,1,1,14
202309,37,251,1,1,12
202310,37,251,1,1,12
202311,37,251,1,1,15
202312,37,251,1,1,10
202307,37,253,1,1,2
202308,37,253,1,1,1
202309,37,253,1,1,1
202310,37,253,1,1,1
202311,37,253,1,1,1
202312,37,253,1,1,2
202302,37,252,1,1,1
202303,37,252,1,1,1
202305,37,252,1,1,3
202306,37,252,1,1,1
202307,37,252,1,1,1
202308,37,252,1,1,4
202309,37,252,1,1,1
202310,37,252,1,1,1
202311,37,252,1,1,2
202310,37,255,1,1,1
202312,37,255,1,1,1
202303,37,256,1,1,3
202304,37,256,1,1,3
202306,37,256,1,1,1
202307,37,256,1,1,1
202310,37,256,1,1,160
202311,37,256,1,1,97
202312,37,256,1,1,161
202311,37,257,1,1,4
202312,37,260,1,1,1
202309,37,262,1,1,1
202310,37,262,1,1,4
202311,37,262,1,1,22
202312,37,262,1,1,10
202305,37,264,1,1,2
202306,37,264,1,1,1
202307,37,264,1,1,2
202308,37,264,1,1,5
202309,37,264,1,1,4
202310,37,264,1,1,9
202311,37,264,1,1,8
202312,37,264,1,1,4
202303,37,265,1,1,4
202304,37,265,1,1,4
202305,37,265,1,1,5
202306,37,265,1,1,6
202307,37,265,1,1,4
202308,37,265,1,1,5
202309,37,265,1,1,10
202310,37,265,1,1,10
202311,37,265,1,1,7
202312,37,265,1,1,17
202301,37,266,1,1,10
202302,37,266,1,1,4
202303,37,266,1,1,7
202304,37,266,1,1,14
202305,37,266,1,1,7
202306,37,266,1,1,5
202307,37,266,1,1,4
202308,37,266,1,1,8
202309,37,266,1,1,9
202310,37,266,1,1,13
202311,37,266,1,1,14
202312,37,266,1,1,4
202304,37,267,1,1,6
202305,37,267,1,1,4
202306,37,267,1,1,27
202307,37,267,1,1,50
202308,37,267,1,1,42
202309,37,267,1,1,74
202310,37,267,1,1,73
202311,37,267,1,1,62
202312,37,267,1,1,51
202305,37,268,1,1,1
202307,37,268,1,1,3
202309,37,268,1,1,3
202311,37,268,1,1,1
202304,37,271,1,1,1
202310,37,271,1,1,1
202308,37,273,1,1,4
202309,37,273,1,1,6
202310,37,273,1,1,2
202301,37,274,1,1,14
202302,37,274,1,1,18
202303,37,274,1,1,8
202304,37,274,1,1,15
202305,37,274,1,1,21
202306,37,274,1,1,23
202307,37,274,1,1,37
202308,37,274,1,1,20
202309,37,274,1,1,16
202310,37,274,1,1,50
202311,37,274,1,1,38
202312,37,274,1,1,18
202307,37,276,1,1,1
202308,37,276,1,1,1
202309,37,276,1,1,3
202310,37,276,1,1,3
202311,37,276,1,1,7
202312,37,276,1,1,2
202302,37,277,1,1,1
202303,37,277,1,1,1
202307,37,277,1,1,3
202310,37,277,1,1,5
202312,37,277,1,1,2
202304,37,278,1,1,4
202305,37,278,1,1,14
202306,37,278,1,1,24
202307,37,278,1,1,50
202308,37,278,1,1,37
202309,37,278,1,1,80
202310,37,278,1,1,40
202311,37,278,1,1,49
202312,37,278,1,1,18
202301,37,283,1,1,3
202302,37,283,1,1,4
202303,37,283,1,1,1
202306,37,283,1,1,2
202308,37,283,1,1,2
202310,37,283,1,1,1
202311,37,283,1,1,2
202312,37,283,1,1,1
202301,37,284,1,1,2
202302,37,284,1,1,2
202304,37,284,1,1,2
202305,37,284,1,1,3
202301,37,285,1,1,1
202302,37,285,1,1,1
202305,37,285,1,1,2
202303,37,286,1,1,5
202304,37,286,1,1,5
202305,37,286,1,1,2
202306,37,286,1,1,4
202307,37,286,1,1,7
202308,37,286,1,1,8
202309,37,286,1,1,8
202310,37,286,1,1,5
202311,37,286,1,1,4
202312,37,286,1,1,13
202301,37,287,1,1,4
202302,37,287,1,1,1
202303,37,287,1,1,2
202304,37,287,1,1,4
202305,37,287,1,1,3
202306,37,287,1,1,2
202307,37,287,1,1,5
202308,37,287,1,1,5
202312,37,287,1,1,1
202308,37,288,1,1,8
202311,37,288,1,1,2
202312,37,288,1,1,1
202307,37,290,1,1,4
202308,37,290,1,1,3
202309,37,290,1,1,9
202310,37,290,1,1,7
202311,37,290,1,1,36
202312,37,290,1,1,23
202306,37,297,1,1,3
202307,37,297,1,1,8
202308,37,297,1,1,14
202309,37,297,1,1,46
202310,37,297,1,1,43
202311,37,297,1,1,22
202312,37,297,1,1,82
202309,37,299,1,1,2
202310,37,299,1,1,2
202311,37,299,1,1,13
202312,37,299,1,1,19
202307,37,300,1,1,2
202308,37,300,1,1,6
202309,37,300,1,1,3
202310,37,300,1,1,2
202311,37,300,1,1,2
202312,37,300,1,1,5
202305,37,292,1,1,5
202306,37,292,1,1,4
202307,37,292,1,1,6
202308,37,292,1,1,8
202309,37,292,1,1,11
202310,37,292,1,1,14
202311,37,292,1,1,19
202312,37,292,1,1,13
202311,37,296,1,1,1
202312,37,296,1,1,1
202301,37,303,1,1,6
202303,37,303,1,1,5
202304,37,303,1,1,8
202305,37,303,1,1,9
202306,37,303,1,1,19
202307,37,303,1,1,9
202308,37,303,1,1,5
202309,37,303,1,1,18
202310,37,303,1,1,21
202311,37,303,1,1,12
202312,37,303,1,1,16
202301,37,304,1,1,2
202302,37,304,1,1,4
202303,37,304,1,1,2
202304,37,304,1,1,7
202305,37,304,1,1,1
202306,37,304,1,1,3
202308,37,304,1,1,1
202309,37,304,1,1,1
202310,37,304,1,1,4
202312,37,304,1,1,7
202301,37,307,1,1,2
202302,37,307,1,1,5
202303,37,307,1,1,5
202304,37,307,1,1,3
202305,37,307,1,1,3
202306,37,307,1,1,4
202307,37,307,1,1,7
202308,37,307,1,1,3
202309,37,307,1,1,4
202310,37,307,1,1,3
202311,37,307,1,1,6
202301,37,309,1,1,1
202302,37,309,1,1,2
202303,37,309,1,1,16
202304,37,309,1,1,8
202305,37,309,1,1,6
202306,37,309,1,1,7
202307,37,309,1,1,7
202308,37,309,1,1,2
202309,37,309,1,1,4
202310,37,309,1,1,3
202311,37,309,1,1,6
202312,37,309,1,1,2
202403,37,1,1,1,1
202405,37,1,1,1,1
202409,37,1,1,1,3
202410,37,1,1,1,2
202411,37,1,1,1,1
202401,37,2,1,1,5
202402,37,2,1,1,3
202403,37,2,1,1,6
202404,37,2,1,1,6
202405,37,2,1,1,18
202406,37,2,1,1,6
202407,37,2,1,1,4
202408,37,2,1,1,2
202409,37,2,1,1,5
202410,37,2,1,1,7
202411,37,2,1,1,4
202412,37,2,1,1,2
202401,37,4,1,1,5
202402,37,4,1,1,16
202403,37,4,1,1,23
202404,37,4,1,1,25
202405,37,4,1,1,48
202406,37,4,1,1,75
202407,37,4,1,1,78
202408,37,4,1,1,75
202409,37,4,1,1,91
202410,37,4,1,1,98
202411,37,4,1,1,133
202412,37,4,1,1,75
202401,37,5,1,1,1
202402,37,5,1,1,2
202403,37,5,1,1,3
202404,37,5,1,1,1
202407,37,5,1,1,1
202402,37,6,1,1,1
202403,37,6,1,1,12
202404,37,6,1,1,5
202405,37,6,1,1,7
202406,37,6,1,1,6
202407,37,6,1,1,1
202408,37,6,1,1,3
202409,37,6,1,1,1
202411,37,6,1,1,3
202401,37,7,1,1,2
202402,37,7,1,1,2
202403,37,7,1,1,3
202404,37,7,1,1,2
202406,37,7,1,1,2
202407,37,7,1,1,3
202409,37,7,1,1,2
202410,37,7,1,1,1
202411,37,7,1,1,1
202412,37,7,1,1,1
202401,37,8,1,1,17
202402,37,8,1,1,13
202403,37,8,1,1,16
202404,37,8,1,1,4
202405,37,8,1,1,12
202406,37,8,1,1,5
202407,37,8,1,1,18
202408,37,8,1,1,6
202409,37,8,1,1,11
202410,37,8,1,1,5
202411,37,8,1,1,3
202412,37,8,1,1,12
202401,37,9,1,1,178
202402,37,9,1,1,122
202403,37,9,1,1,139
202404,37,9,1,1,164
202405,37,9,1,1,103
202406,37,9,1,1,99
202407,37,9,1,1,44
202408,37,9,1,1,105
202409,37,9,1,1,45
202410,37,9,1,1,25
202411,37,9,1,1,20
202412,37,9,1,1,45
202401,37,10,1,1,22
202402,37,10,1,1,16
202403,37,10,1,1,30
202404,37,10,1,1,32
202405,37,10,1,1,28
202406,37,10,1,1,13
202407,37,10,1,1,16
202408,37,10,1,1,24
202409,37,10,1,1,10
202410,37,10,1,1,2
202411,37,10,1,1,1
202412,37,10,1,1,3
202401,37,11,1,1,3
202402,37,11,1,1,2
202403,37,11,1,1,2
202404,37,11,1,1,8
202405,37,11,1,1,5
202406,37,11,1,1,1
202407,37,11,1,1,1
202408,37,11,1,1,6
202409,37,11,1,1,4
202410,37,11,1,1,1
202412,37,11,1,1,1
202401,37,12,1,1,1
202404,37,12,1,1,1
202406,37,12,1,1,1
202411,37,12,1,1,1
202402,37,15,1,1,2
202405,37,15,1,1,3
202407,37,15,1,1,3
202401,37,13,1,1,13
202402,37,13,1,1,12
202403,37,13,1,1,5
202404,37,13,1,1,7
202405,37,13,1,1,2
202408,37,13,1,1,3
202409,37,17,1,1,1
202410,37,17,1,1,4
202401,37,18,1,1,10177
202402,37,18,1,1,9939
202403,37,18,1,1,18691
202404,37,18,1,1,4372
202405,37,18,1,1,6646
202406,37,18,1,1,6780
202407,37,18,1,1,11209
202408,37,18,1,1,11699
202409,37,18,1,1,14059
202410,37,18,1,1,17270
202411,37,18,1,1,14224
202412,37,18,1,1,11448
202401,37,20,1,1,5
202402,37,20,1,1,4
202403,37,20,1,1,2
202404,37,20,1,1,3
202405,37,20,1,1,9
202406,37,20,1,1,2
202407,37,20,1,1,8
202408,37,20,1,1,6
202409,37,20,1,1,2
202410,37,20,1,1,3
202411,37,20,1,1,6
202412,37,20,1,1,6
202401,37,21,1,1,10
202402,37,21,1,1,5
202403,37,21,1,1,3
202404,37,21,1,1,1
202405,37,21,1,1,3
202406,37,21,1,1,3
202408,37,21,1,1,2
202409,37,21,1,1,2
202412,37,21,1,1,1
202402,37,22,1,1,1
202405,37,22,1,1,2
202411,37,22,1,1,3
202401,37,23,1,1,11376
202402,37,23,1,1,12425
202403,37,23,1,1,19099
202404,37,23,1,1,7772
202405,37,23,1,1,9529
202406,37,23,1,1,9333
202407,37,23,1,1,18709
202408,37,23,1,1,17344
202409,37,23,1,1,20081
202410,37,23,1,1,29046
202411,37,23,1,1,27435
202412,37,23,1,1,19020
202401,37,24,1,1,305
202402,37,24,1,1,246
202403,37,24,1,1,688
202404,37,24,1,1,94
202405,37,24,1,1,198
202406,37,24,1,1,241
202407,37,24,1,1,182
202408,37,24,1,1,279
202409,37,24,1,1,225
202410,37,24,1,1,384
202411,37,24,1,1,272
202412,37,24,1,1,183
202401,37,25,1,1,70
202402,37,25,1,1,66
202403,37,25,1,1,84
202404,37,25,1,1,68
202405,37,25,1,1,58
202406,37,25,1,1,26
202407,37,25,1,1,32
202408,37,25,1,1,29
202409,37,25,1,1,28
202410,37,25,1,1,25
202411,37,25,1,1,28
202412,37,25,1,1,23
202401,37,26,1,1,1512
202402,37,26,1,1,1527
202403,37,26,1,1,3207
202404,37,26,1,1,717
202405,37,26,1,1,1164
202406,37,26,1,1,1265
202407,37,26,1,1,2368
202408,37,26,1,1,1134
202409,37,26,1,1,1256
202410,37,26,1,1,2042
202411,37,26,1,1,2108
202412,37,26,1,1,1117
202402,37,27,1,1,2
202403,37,27,1,1,1
202404,37,27,1,1,1
202410,37,27,1,1,2
202410,37,29,1,1,7
202411,37,29,1,1,14
202412,37,29,1,1,11
202401,37,30,1,1,36
202402,37,30,1,1,28
202403,37,30,1,1,59
202404,37,30,1,1,28
202405,37,30,1,1,41
202406,37,30,1,1,56
202407,37,30,1,1,73
202408,37,30,1,1,77
202409,37,30,1,1,62
202410,37,30,1,1,214
202411,37,30,1,1,94
202412,37,30,1,1,83
202401,37,31,1,1,286
202402,37,31,1,1,317
202403,37,31,1,1,560
202404,37,31,1,1,79
202405,37,31,1,1,94
202406,37,31,1,1,102
202407,37,31,1,1,671
202408,37,31,1,1,792
202409,37,31,1,1,1207
202410,37,31,1,1,1006
202411,37,31,1,1,898
202412,37,31,1,1,1008
202412,37,32,1,1,1
202401,37,33,1,1,20
202402,37,33,1,1,14
202403,37,33,1,1,16
202404,37,33,1,1,18
202405,37,33,1,1,20
202406,37,33,1,1,8
202407,37,33,1,1,8
202408,37,33,1,1,10
202409,37,33,1,1,8
202410,37,33,1,1,11
202411,37,33,1,1,20
202412,37,33,1,1,16
202401,37,34,1,1,1
202402,37,34,1,1,1
202403,37,34,1,1,2
202401,37,35,1,1,28
202402,37,35,1,1,17
202403,37,35,1,1,28
202404,37,35,1,1,13
202405,37,35,1,1,9
202406,37,35,1,1,16
202407,37,35,1,1,36
202408,37,35,1,1,39
202409,37,35,1,1,35
202410,37,35,1,1,48
202411,37,35,1,1,39
202412,37,35,1,1,28
202401,37,36,1,1,6
202404,37,36,1,1,2
202405,37,36,1,1,2
202409,37,36,1,1,2
202410,37,36,1,1,5
202411,37,36,1,1,5
202412,37,36,1,1,1
202406,37,37,1,1,1
202401,37,39,1,1,15
202402,37,39,1,1,12
202403,37,39,1,1,21
202404,37,39,1,1,12
202405,37,39,1,1,6
202406,37,39,1,1,4
202407,37,39,1,1,2
202408,37,39,1,1,6
202409,37,39,1,1,3
202412,37,39,1,1,2
202404,37,40,1,1,1
202405,37,40,1,1,1
202409,37,40,1,1,1
202402,37,41,1,1,1
202408,37,41,1,1,1
202410,37,41,1,1,6
202408,37,42,1,1,1
202410,37,42,1,1,4
202401,37,44,1,1,1
202402,37,46,1,1,5
202403,37,46,1,1,18
202404,37,46,1,1,11
202405,37,46,1,1,5
202406,37,46,1,1,3
202407,37,46,1,1,2
202408,37,46,1,1,2
202409,37,46,1,1,4
202410,37,46,1,1,1
202411,37,46,1,1,6
202412,37,46,1,1,2
202401,37,48,1,1,8
202402,37,48,1,1,25
202403,37,48,1,1,3
202404,37,48,1,1,1
202405,37,48,1,1,1
202406,37,48,1,1,1
202407,37,48,1,1,1
202401,37,49,1,1,2
202409,37,49,1,1,1
202411,37,49,1,1,1
202412,37,49,1,1,1
202408,37,51,1,1,8
202409,37,51,1,1,4
202410,37,51,1,1,4
202411,37,51,1,1,8
202412,37,51,1,1,5
202401,37,52,1,1,9
202402,37,52,1,1,7
202403,37,52,1,1,7
202404,37,52,1,1,2
202405,37,52,1,1,7
202406,37,52,1,1,10
202407,37,52,1,1,40
202408,37,52,1,1,41
202409,37,52,1,1,19
202410,37,52,1,1,9
202411,37,52,1,1,2
202412,37,52,1,1,50
202401,37,54,1,1,46
202402,37,54,1,1,26
202403,37,54,1,1,41
202404,37,54,1,1,11
202405,37,54,1,1,39
202406,37,54,1,1,37
202407,37,54,1,1,33
202408,37,54,1,1,36
202409,37,54,1,1,42
202410,37,54,1,1,61
202411,37,54,1,1,55
202412,37,54,1,1,31
202401,37,55,1,1,2
202402,37,55,1,1,2
202404,37,55,1,1,1
202406,37,55,1,1,6
202407,37,55,1,1,2
202408,37,55,1,1,1
202409,37,55,1,1,2
202412,37,43,1,1,1
202401,37,45,1,1,12
202402,37,45,1,1,10
202403,37,45,1,1,6
202404,37,45,1,1,6
202405,37,45,1,1,5
202406,37,45,1,1,6
202407,37,45,1,1,286
202408,37,45,1,1,235
202409,37,45,1,1,4
202410,37,45,1,1,305
202411,37,45,1,1,2
202412,37,45,1,1,5
202406,37,56,1,1,1
202410,37,56,1,1,1
202412,37,56,1,1,1
202401,37,57,1,1,29
202402,37,57,1,1,23
202403,37,57,1,1,21
202404,37,57,1,1,24
202405,37,57,1,1,13
202406,37,57,1,1,8
202407,37,57,1,1,7
202408,37,57,1,1,2
202409,37,57,1,1,2
202410,37,57,1,1,3
202411,37,57,1,1,3
202412,37,57,1,1,3
202402,37,58,1,1,4
202403,37,58,1,1,2
202404,37,58,1,1,2
202405,37,58,1,1,3
202407,37,58,1,1,2
202412,37,58,1,1,1
202408,37,59,1,1,2
202411,37,59,1,1,1
202412,37,59,1,1,1
202401,37,61,1,1,6
202402,37,61,1,1,16
202403,37,61,1,1,13
202404,37,61,1,1,2
202405,37,61,1,1,13
202406,37,61,1,1,8
202410,37,61,1,1,1
202412,37,61,1,1,1
202401,37,62,1,1,9
202402,37,62,1,1,1
202403,37,62,1,1,1
202404,37,62,1,1,3
202405,37,62,1,1,1
202406,37,62,1,1,3
202407,37,62,1,1,3
202411,37,62,1,1,1
202402,37,63,1,1,1
202407,37,63,1,1,1
202403,37,64,1,1,2
202405,37,64,1,1,1
202406,37,64,1,1,1
202408,37,64,1,1,91
202409,37,64,1,1,2
202412,37,64,1,1,4
202401,37,65,1,1,1
202402,37,65,1,1,11
202403,37,65,1,1,23
202404,37,65,1,1,25
202405,37,65,1,1,18
202406,37,65,1,1,25
202407,37,65,1,1,56
202408,37,65,1,1,63
202409,37,65,1,1,62
202410,37,65,1,1,40
202411,37,65,1,1,64
202412,37,65,1,1,49
202401,37,67,1,1,35
202402,37,67,1,1,39
202403,37,67,1,1,27
202404,37,67,1,1,23
202405,37,67,1,1,40
202406,37,67,1,1,38
202407,37,67,1,1,46
202408,37,67,1,1,53
202409,37,67,1,1,100
202410,37,67,1,1,184
202411,37,67,1,1,122
202412,37,67,1,1,62
202402,37,69,1,1,10
202404,37,69,1,1,35
202407,37,69,1,1,70
202406,37,70,1,1,1
202401,37,71,1,1,147
202402,37,71,1,1,136
202403,37,71,1,1,185
202404,37,71,1,1,153
202405,37,71,1,1,129
202406,37,71,1,1,152
202407,37,71,1,1,207
202408,37,71,1,1,56
202409,37,71,1,1,27
202410,37,71,1,1,198
202411,37,71,1,1,29
202412,37,71,1,1,137
202411,37,73,1,1,1
202412,37,73,1,1,2
202401,37,74,1,1,2431
202402,37,74,1,1,2538
202403,37,74,1,1,3061
202404,37,74,1,1,2568
202405,37,74,1,1,1989
202406,37,74,1,1,2755
202407,37,74,1,1,3217
202408,37,74,1,1,2918
202409,37,74,1,1,2835
202410,37,74,1,1,4087
202411,37,74,1,1,4682
202412,37,74,1,1,2900
202401,37,75,1,1,1
202402,37,75,1,1,1
202403,37,75,1,1,2
202407,37,75,1,1,3
202402,37,76,1,1,3
202406,37,76,1,1,1
202408,37,76,1,1,1
202409,37,76,1,1,4
202410,37,76,1,1,1
202412,37,76,1,1,4
202401,37,78,1,1,25
202402,37,78,1,1,25
202403,37,78,1,1,24
202404,37,78,1,1,23
202405,37,78,1,1,22
202406,37,78,1,1,24
202407,37,78,1,1,27
202408,37,78,1,1,13
202409,37,78,1,1,14
202410,37,78,1,1,4
202411,37,78,1,1,11
202412,37,78,1,1,7
202401,37,79,1,1,419
202402,37,79,1,1,327
202403,37,79,1,1,321
202404,37,79,1,1,279
202405,37,79,1,1,279
202406,37,79,1,1,283
202407,37,79,1,1,286
202408,37,79,1,1,195
202409,37,79,1,1,160
202410,37,79,1,1,151
202411,37,79,1,1,158
202412,37,79,1,1,58
202402,37,80,1,1,1
202401,37,81,1,1,1600
202402,37,81,1,1,1837
202403,37,81,1,1,4262
202404,37,81,1,1,975
202405,37,81,1,1,2572
202406,37,81,1,1,3219
202407,37,81,1,1,5353
202408,37,81,1,1,5002
202409,37,81,1,1,4506
202410,37,81,1,1,7550
202411,37,81,1,1,7812
202412,37,81,1,1,1077
202402,37,82,1,1,1
202405,37,82,1,1,1
202407,37,82,1,1,2
202408,37,82,1,1,1
202410,37,82,1,1,1
202411,37,82,1,1,1
202412,37,82,1,1,1
202407,37,88,1,1,1
202401,37,89,1,1,24
202402,37,89,1,1,22
202403,37,89,1,1,29
202404,37,89,1,1,18
202405,37,89,1,1,12
202406,37,89,1,1,9
202407,37,89,1,1,44
202408,37,89,1,1,26
202409,37,89,1,1,46
202410,37,89,1,1,25
202411,37,89,1,1,40
202412,37,89,1,1,22
202401,37,91,1,1,1
202403,37,91,1,1,1
202408,37,91,1,1,1
202411,37,91,1,1,1
202401,37,92,1,1,27
202402,37,92,1,1,53
202403,37,92,1,1,22
202404,37,92,1,1,41
202405,37,92,1,1,45
202406,37,92,1,1,42
202407,37,92,1,1,23
202408,37,92,1,1,44
202409,37,92,1,1,35
202410,37,92,1,1,11
202411,37,92,1,1,19
202412,37,92,1,1,18
202402,37,93,1,1,1
202403,37,93,1,1,2
202405,37,93,1,1,2
202407,37,96,1,1,1
202411,37,99,1,1,9
202401,37,101,1,1,3
202407,37,101,1,1,3
202411,37,101,1,1,4
202412,37,101,1,1,1
202401,37,103,1,1,133
202402,37,103,1,1,114
202403,37,103,1,1,101
202404,37,103,1,1,85
202405,37,103,1,1,64
202406,37,103,1,1,74
202407,37,103,1,1,87
202408,37,103,1,1,96
202409,37,103,1,1,71
202410,37,103,1,1,84
202411,37,103,1,1,134
202412,37,103,1,1,72
202401,37,104,1,1,2
202402,37,104,1,1,4
202403,37,104,1,1,3
202404,37,104,1,1,1
202405,37,104,1,1,1
202407,37,104,1,1,2
202408,37,104,1,1,1
202409,37,104,1,1,2
202410,37,104,1,1,2
202411,37,104,1,1,1
202412,37,104,1,1,5
202407,37,107,1,1,1
202408,37,107,1,1,2
202409,37,107,1,1,1
202411,37,107,1,1,1
202401,37,108,1,1,2
202402,37,108,1,1,5
202403,37,108,1,1,9
202404,37,108,1,1,9
202405,37,108,1,1,8
202406,37,108,1,1,6
202407,37,108,1,1,1
202408,37,108,1,1,7
202409,37,108,1,1,2
202410,37,108,1,1,3
202411,37,108,1,1,1
202412,37,108,1,1,2
202401,37,109,1,1,5
202402,37,109,1,1,2
202403,37,109,1,1,1
202404,37,109,1,1,1
202405,37,109,1,1,1
202407,37,109,1,1,3
202409,37,109,1,1,1
202411,37,109,1,1,2
202401,37,110,1,1,1
202403,37,110,1,1,1
202405,37,110,1,1,1
202406,37,110,1,1,1
202401,37,111,1,1,1
202403,37,111,1,1,1
202404,37,111,1,1,1
202405,37,111,1,1,3
202407,37,111,1,1,1
202408,37,111,1,1,2
202410,37,111,1,1,1
202401,37,113,1,1,1
202402,37,113,1,1,3
202403,37,113,1,1,4
202404,37,113,1,1,4
202405,37,113,1,1,2
202406,37,113,1,1,5
202407,37,113,1,1,5
202408,37,113,1,1,1
202410,37,113,1,1,3
202411,37,113,1,1,5
202401,37,114,1,1,5
202402,37,114,1,1,2
202403,37,114,1,1,2
202407,37,114,1,1,1
202408,37,114,1,1,1
202412,37,114,1,1,1
202409,37,115,1,1,1
202402,37,118,1,1,5
202403,37,118,1,1,1
202406,37,118,1,1,1
202401,37,117,1,1,2
202403,37,117,1,1,3
202404,37,117,1,1,1
202406,37,117,1,1,4
202409,37,117,1,1,4
202410,37,117,1,1,1
202412,37,117,1,1,5
202408,37,119,1,1,5
202409,37,119,1,1,12
202410,37,119,1,1,19
202401,37,121,1,1,1
202403,37,121,1,1,1
202408,37,121,1,1,1
202412,37,121,1,1,2
202401,37,124,1,1,6
202403,37,124,1,1,3
202404,37,124,1,1,1
202406,37,124,1,1,1
202410,37,124,1,1,1
202411,37,124,1,1,1
202401,37,122,1,1,29
202402,37,122,1,1,18
202403,37,122,1,1,10
202404,37,122,1,1,14
202405,37,122,1,1,22
202406,37,122,1,1,20
202407,37,122,1,1,12
202408,37,122,1,1,14
202409,37,122,1,1,12
202410,37,122,1,1,14
202411,37,122,1,1,17
202412,37,122,1,1,10
202402,37,123,1,1,1
202406,37,123,1,1,1
202401,37,125,1,1,19
202402,37,125,1,1,21
202403,37,125,1,1,20
202404,37,125,1,1,26
202405,37,125,1,1,7
202406,37,125,1,1,22
202407,37,125,1,1,6
202408,37,125,1,1,4
202409,37,125,1,1,5
202410,37,125,1,1,8
202411,37,125,1,1,6
202412,37,125,1,1,3
202406,37,128,1,1,1
202409,37,128,1,1,1
202401,37,129,1,1,133
202402,37,129,1,1,98
202403,37,129,1,1,252
202404,37,129,1,1,44
202405,37,129,1,1,53
202406,37,129,1,1,53
202407,37,129,1,1,49
202408,37,129,1,1,42
202409,37,129,1,1,37
202410,37,129,1,1,63
202411,37,129,1,1,72
202412,37,129,1,1,36
202402,37,105,1,1,2
202404,37,105,1,1,2
202405,37,105,1,1,4
202406,37,105,1,1,5
202407,37,105,1,1,2
202408,37,105,1,1,2
202410,37,105,1,1,4
202412,37,105,1,1,2
202404,37,106,1,1,1
202405,37,106,1,1,3
202408,37,106,1,1,1
202409,37,106,1,1,2
202410,37,106,1,1,1
202411,37,106,1,1,5
202401,37,130,1,1,10
202402,37,130,1,1,5
202403,37,130,1,1,4
202404,37,130,1,1,4
202405,37,130,1,1,3
202406,37,130,1,1,2
202407,37,130,1,1,7
202408,37,130,1,1,8
202409,37,130,1,1,4
202410,37,130,1,1,2
202411,37,130,1,1,4
202412,37,130,1,1,7
202401,37,131,1,1,20
202402,37,131,1,1,12
202403,37,131,1,1,20
202404,37,131,1,1,17
202405,37,131,1,1,8
202406,37,131,1,1,14
202407,37,131,1,1,8
202408,37,131,1,1,9
202409,37,131,1,1,6
202410,37,131,1,1,18
202411,37,131,1,1,9
202412,37,131,1,1,3
202402,37,132,1,1,6
202403,37,132,1,1,10
202404,37,132,1,1,12
202405,37,132,1,1,9
202406,37,132,1,1,3
202407,37,132,1,1,11
202408,37,132,1,1,6
202409,37,132,1,1,15
202410,37,132,1,1,10
202411,37,132,1,1,5
202412,37,132,1,1,13
202401,37,133,1,1,1
202402,37,133,1,1,6
202403,37,133,1,1,2
202404,37,133,1,1,2
202405,37,133,1,1,3
202406,37,133,1,1,3
202407,37,133,1,1,6
202408,37,133,1,1,3
202409,37,133,1,1,2
202410,37,133,1,1,1
202411,37,133,1,1,2
202401,37,135,1,1,9
202402,37,135,1,1,2
202403,37,135,1,1,9
202404,37,135,1,1,2
202406,37,135,1,1,2
202407,37,135,1,1,3
202408,37,135,1,1,1
202409,37,135,1,1,1
202410,37,135,1,1,4
202408,37,138,1,1,1
202409,37,138,1,1,39
202410,37,138,1,1,26
202411,37,138,1,1,39
202412,37,138,1,1,36
202401,37,139,1,1,2
202403,37,139,1,1,4
202406,37,139,1,1,4
202408,37,139,1,1,2
202410,37,139,1,1,5
202411,37,139,1,1,1
202412,37,139,1,1,1
202401,37,140,1,1,1
202402,37,140,1,1,1
202403,37,140,1,1,3
202404,37,140,1,1,2
202405,37,140,1,1,4
202406,37,140,1,1,1
202408,37,140,1,1,2
202409,37,140,1,1,2
202410,37,140,1,1,1
202411,37,140,1,1,1
202412,37,140,1,1,1
202401,37,144,1,1,5
202402,37,144,1,1,3
202403,37,144,1,1,1
202404,37,144,1,1,3
202405,37,144,1,1,3
202407,37,144,1,1,2
202408,37,144,1,1,1
202410,37,144,1,1,1
202411,37,144,1,1,2
202412,37,144,1,1,1
202407,37,145,1,1,1
202408,37,145,1,1,3
202412,37,145,1,1,1
202401,37,142,1,1,1
202402,37,142,1,1,1
202401,37,143,1,1,1
202402,37,143,1,1,2
202408,37,143,1,1,1
202410,37,143,1,1,1
202401,37,149,1,1,822
202402,37,149,1,1,639
202403,37,149,1,1,3969
202404,37,149,1,1,443
202405,37,149,1,1,450
202406,37,149,1,1,459
202407,37,149,1,1,689
202408,37,149,1,1,389
202409,37,149,1,1,467
202410,37,149,1,1,1445
202411,37,149,1,1,1097
202412,37,149,1,1,604
202401,37,150,1,1,43
202402,37,150,1,1,5
202403,37,150,1,1,94
202404,37,150,1,1,9
202405,37,150,1,1,5
202406,37,150,1,1,9
202407,37,150,1,1,20
202408,37,150,1,1,11
202409,37,150,1,1,12
202410,37,150,1,1,30
202411,37,150,1,1,19
202412,37,150,1,1,16
202402,37,151,1,1,1
202403,37,151,1,1,1
202401,37,153,1,1,311
202402,37,153,1,1,219
202403,37,153,1,1,260
202404,37,153,1,1,208
202405,37,153,1,1,284
202406,37,153,1,1,280
202407,37,153,1,1,341
202408,37,153,1,1,422
202409,37,153,1,1,405
202410,37,153,1,1,280
202411,37,153,1,1,338
202412,37,153,1,1,291
202401,37,154,1,1,50
202402,37,154,1,1,30
202403,37,154,1,1,24
202404,37,154,1,1,24
202405,37,154,1,1,44
202406,37,154,1,1,37
202407,37,154,1,1,29
202408,37,154,1,1,29
202409,37,154,1,1,49
202410,37,154,1,1,24
202411,37,154,1,1,40
202412,37,154,1,1,28
202401,37,155,1,1,507
202402,37,155,1,1,355
202403,37,155,1,1,671
202404,37,155,1,1,122
202405,37,155,1,1,210
202406,37,155,1,1,397
202407,37,155,1,1,371
202408,37,155,1,1,242
202409,37,155,1,1,292
202410,37,155,1,1,537
202411,37,155,1,1,994
202412,37,155,1,1,563
202403,37,158,1,1,2
202408,37,159,1,1,1
202409,37,159,1,1,1
202411,37,159,1,1,1
202412,37,159,1,1,1
202402,37,160,1,1,2
202403,37,160,1,1,1
202404,37,160,1,1,1
202405,37,160,1,1,1
202409,37,160,1,1,1
202401,37,165,1,1,1
202402,37,163,1,1,8
202403,37,163,1,1,7
202404,37,163,1,1,4
202405,37,163,1,1,1
202406,37,163,1,1,3
202407,37,163,1,1,4
202408,37,163,1,1,3
202410,37,163,1,1,4
202411,37,163,1,1,6
202412,37,163,1,1,5
202408,37,164,1,1,1
202401,37,167,1,1,18
202402,37,167,1,1,18
202403,37,167,1,1,21
202404,37,167,1,1,4
202405,37,167,1,1,10
202406,37,167,1,1,15
202407,37,167,1,1,4
202408,37,167,1,1,5
202409,37,167,1,1,9
202410,37,167,1,1,5
202411,37,167,1,1,7
202412,37,167,1,1,27
202410,37,168,1,1,16
202411,37,168,1,1,7
202412,37,168,1,1,1
202403,37,169,1,1,1
202401,37,170,1,1,14
202402,37,170,1,1,1
202403,37,170,1,1,37
202404,37,170,1,1,13
202405,37,170,1,1,19
202406,37,170,1,1,22
202407,37,170,1,1,45
202408,37,170,1,1,28
202409,37,170,1,1,9
202410,37,170,1,1,4
202411,37,170,1,1,41
202412,37,170,1,1,7
202412,37,171,1,1,2
202401,37,172,1,1,3
202402,37,172,1,1,2
202403,37,172,1,1,1
202406,37,172,1,1,1
202411,37,172,1,1,2
202403,37,173,1,1,1
202404,37,173,1,1,1
202411,37,173,1,1,1
202401,37,174,1,1,4
202402,37,174,1,1,3
202403,37,174,1,1,2
202404,37,174,1,1,2
202405,37,174,1,1,1
202406,37,174,1,1,1
202408,37,174,1,1,3
202411,37,174,1,1,2
202401,37,176,1,1,7
202402,37,176,1,1,9
202403,37,176,1,1,7
202404,37,176,1,1,2
202405,37,176,1,1,2
202406,37,176,1,1,1
202407,37,176,1,1,2
202409,37,176,1,1,1
202403,37,177,1,1,3
202404,37,177,1,1,4
202405,37,177,1,1,3
202407,37,177,1,1,3
202408,37,177,1,1,95
202409,37,177,1,1,54
202410,37,177,1,1,49
202411,37,177,1,1,48
202412,37,177,1,1,51
202410,37,178,1,1,1
202401,37,180,1,1,1
202403,37,180,1,1,1
202408,37,180,1,1,3
202409,37,180,1,1,3
202410,37,180,1,1,2
202411,37,180,1,1,1
202412,37,180,1,1,2
202402,37,183,1,1,1
202403,37,183,1,1,6
202404,37,183,1,1,6
202405,37,183,1,1,4
202406,37,183,1,1,6
202407,37,183,1,1,5
202408,37,183,1,1,3
202409,37,183,1,1,4
202410,37,183,1,1,4
202411,37,183,1,1,6
202412,37,183,1,1,1
202401,37,184,1,1,2
202402,37,184,1,1,10
202403,37,184,1,1,5
202404,37,184,1,1,3
202406,37,184,1,1,3
202408,37,184,1,1,4
202411,37,184,1,1,1
202401,37,185,1,1,18
202402,37,185,1,1,2
202403,37,185,1,1,31
202404,37,185,1,1,24
202405,37,185,1,1,19
202406,37,185,1,1,2
202407,37,185,1,1,53
202408,37,185,1,1,9
202409,37,185,1,1,3
202410,37,185,1,1,114
202411,37,185,1,1,5
202412,37,185,1,1,2
202403,37,186,1,1,28
202404,37,186,1,1,30
202405,37,186,1,1,31
202406,37,186,1,1,43
202407,37,186,1,1,75
202408,37,186,1,1,120
202409,37,186,1,1,56
202410,37,186,1,1,139
202411,37,186,1,1,52
202412,37,186,1,1,60
202401,37,187,1,1,12
202402,37,187,1,1,5
202403,37,187,1,1,86
202404,37,187,1,1,127
202405,37,187,1,1,104
202406,37,187,1,1,97
202407,37,187,1,1,83
202408,37,187,1,1,100
202409,37,187,1,1,208
202410,37,187,1,1,300
202411,37,187,1,1,62
202412,37,187,1,1,350
202401,37,188,1,1,5
202402,37,188,1,1,5
202403,37,188,1,1,117
202404,37,188,1,1,2
202405,37,188,1,1,10
202406,37,188,1,1,1
202407,37,188,1,1,2
202408,37,188,1,1,2
202409,37,188,1,1,1
202410,37,188,1,1,4
202411,37,188,1,1,4
202412,37,188,1,1,1
202401,37,189,1,1,698
202402,37,189,1,1,674
202403,37,189,1,1,692
202404,37,189,1,1,602
202405,37,189,1,1,499
202406,37,189,1,1,381
202407,37,189,1,1,377
202408,37,189,1,1,214
202409,37,189,1,1,150
202410,37,189,1,1,235
202411,37,189,1,1,240
202412,37,189,1,1,184
202401,37,190,1,1,33815
202402,37,190,1,1,37010
202403,37,190,1,1,56328
202404,37,190,1,1,34948
202405,37,190,1,1,39564
202406,37,190,1,1,39334
202407,37,190,1,1,44747
202408,37,190,1,1,28694
202409,37,190,1,1,26287
202410,37,190,1,1,43106
202411,37,190,1,1,30642
202412,37,190,1,1,14713
202401,37,191,1,1,2
202402,37,191,1,1,1
202403,37,191,1,1,4
202404,37,191,1,1,2
202406,37,191,1,1,4
202409,37,191,1,1,1
202401,37,192,1,1,581
202402,37,192,1,1,657
202403,37,192,1,1,1233
202404,37,192,1,1,373
202405,37,192,1,1,521
202406,37,192,1,1,519
202407,37,192,1,1,468
202408,37,192,1,1,410
202409,37,192,1,1,316
202410,37,192,1,1,318
202411,37,192,1,1,502
202412,37,192,1,1,206
202401,37,194,1,1,19
202402,37,194,1,1,12
202403,37,194,1,1,25
202404,37,194,1,1,12
202405,37,194,1,1,2
202406,37,194,1,1,3
202407,37,194,1,1,4
202409,37,194,1,1,1
202410,37,194,1,1,1
202411,37,194,1,1,1
202412,37,194,1,1,1
202401,37,195,1,1,15
202402,37,195,1,1,9
202403,37,195,1,1,6
202404,37,195,1,1,13
202405,37,195,1,1,9
202406,37,195,1,1,5
202407,37,195,1,1,5
202408,37,195,1,1,6
202409,37,195,1,1,5
202410,37,195,1,1,7
202411,37,195,1,1,17
202412,37,195,1,1,6
202401,37,196,1,1,8
202402,37,196,1,1,20
202403,37,196,1,1,15
202404,37,196,1,1,3
202405,37,196,1,1,15
202406,37,196,1,1,11
202407,37,196,1,1,16
202408,37,196,1,1,7
202409,37,196,1,1,4
202410,37,196,1,1,1
202411,37,196,1,1,2
202412,37,196,1,1,4
202403,37,197,1,1,3
202407,37,197,1,1,1
202408,37,197,1,1,2
202401,37,198,1,1,674
202402,37,198,1,1,550
202403,37,198,1,1,504
202404,37,198,1,1,395
202405,37,198,1,1,455
202406,37,198,1,1,372
202407,37,198,1,1,415
202408,37,198,1,1,310
202409,37,198,1,1,296
202410,37,198,1,1,354
202411,37,198,1,1,452
202412,37,198,1,1,1105
202401,37,200,1,1,21
202402,37,200,1,1,6
202407,37,200,1,1,1
202401,37,201,1,1,3
202402,37,201,1,1,3
202403,37,201,1,1,8
202404,37,201,1,1,3
202405,37,201,1,1,1
202406,37,201,1,1,1
202407,37,201,1,1,2
202408,37,201,1,1,2
202409,37,201,1,1,1
202410,37,201,1,1,2
202411,37,201,1,1,1
202412,37,201,1,1,1
202401,37,202,1,1,448
202402,37,202,1,1,529
202403,37,202,1,1,523
202404,37,202,1,1,544
202405,37,202,1,1,648
202406,37,202,1,1,884
202407,37,202,1,1,739
202408,37,202,1,1,579
202409,37,202,1,1,364
202410,37,202,1,1,592
202411,37,202,1,1,507
202412,37,202,1,1,642
202402,37,204,1,1,2
202404,37,204,1,1,1
202405,37,204,1,1,2
202407,37,204,1,1,1
202409,37,204,1,1,3
202401,37,205,1,1,561
202402,37,205,1,1,504
202403,37,205,1,1,611
202404,37,205,1,1,762
202405,37,205,1,1,710
202406,37,205,1,1,683
202407,37,205,1,1,890
202408,37,205,1,1,735
202409,37,205,1,1,728
202410,37,205,1,1,978
202411,37,205,1,1,2038
202412,37,205,1,1,1026
202401,37,206,1,1,35
202402,37,206,1,1,28
202403,37,206,1,1,50
202404,37,206,1,1,27
202405,37,206,1,1,9
202406,37,206,1,1,14
202407,37,206,1,1,12
202408,37,206,1,1,17
202409,37,206,1,1,27
202410,37,206,1,1,10
202411,37,206,1,1,9
202412,37,206,1,1,10
202401,37,207,1,1,43
202402,37,207,1,1,84
202403,37,207,1,1,167
202404,37,207,1,1,245
202405,37,207,1,1,168
202406,37,207,1,1,200
202407,37,207,1,1,275
202408,37,207,1,1,378
202409,37,207,1,1,398
202410,37,207,1,1,432
202411,37,207,1,1,333
202412,37,207,1,1,249
202401,37,209,1,1,21
202402,37,209,1,1,31
202403,37,209,1,1,59
202404,37,209,1,1,81
202405,37,209,1,1,23
202406,37,209,1,1,31
202407,37,209,1,1,12
202408,37,209,1,1,9
202409,37,209,1,1,15
202410,37,209,1,1,16
202411,37,209,1,1,14
202412,37,209,1,1,19
202401,37,211,1,1,4
202402,37,211,1,1,6
202403,37,211,1,1,3
202404,37,211,1,1,9
202405,37,211,1,1,5
202406,37,211,1,1,4
202407,37,211,1,1,5
202408,37,211,1,1,2
202409,37,211,1,1,4
202410,37,211,1,1,3
202411,37,211,1,1,15
202412,37,211,1,1,5
202401,37,212,1,1,2
202403,37,212,1,1,2
202405,37,212,1,1,2
202406,37,212,1,1,2
202410,37,212,1,1,1
202412,37,212,1,1,2
202401,37,213,1,1,2
202402,37,213,1,1,3
202404,37,213,1,1,1
202405,37,213,1,1,3
202406,37,213,1,1,1
202407,37,213,1,1,2
202409,37,213,1,1,2
202411,37,213,1,1,1
202403,37,214,1,1,941
202404,37,214,1,1,862
202405,37,214,1,1,20
202406,37,214,1,1,1
202407,37,214,1,1,17
202408,37,214,1,1,119
202409,37,214,1,1,44
202410,37,214,1,1,40
202401,37,215,1,1,35
202402,37,215,1,1,132
202403,37,215,1,1,192
202404,37,215,1,1,50
202405,37,215,1,1,73
202406,37,215,1,1,53
202407,37,215,1,1,40
202408,37,215,1,1,19
202409,37,215,1,1,107
202410,37,215,1,1,333
202411,37,215,1,1,236
202412,37,215,1,1,163
202401,37,216,1,1,1
202404,37,216,1,1,1
202409,37,216,1,1,2
202411,37,216,1,1,1
202412,37,216,1,1,3
202410,37,217,1,1,1
202411,37,217,1,1,2
202412,37,217,1,1,1
202401,37,218,1,1,22
202402,37,218,1,1,34
202403,37,218,1,1,46
202404,37,218,1,1,22
202405,37,218,1,1,35
202406,37,218,1,1,27
202407,37,218,1,1,45
202408,37,218,1,1,77
202409,37,218,1,1,23
202410,37,218,1,1,29
202411,37,218,1,1,16
202412,37,218,1,1,42
202411,37,219,1,1,1
202412,37,219,1,1,2
202401,37,221,1,1,1
202401,37,222,1,1,4
202403,37,222,1,1,1
202404,37,222,1,1,6
202406,37,222,1,1,4
202408,37,222,1,1,1
202410,37,222,1,1,4
202409,37,224,1,1,1
202401,37,229,1,1,3
202402,37,229,1,1,3
202403,37,229,1,1,1
202407,37,229,1,1,1
202408,37,229,1,1,1
202409,37,229,1,1,1
202412,37,229,1,1,1
202401,37,230,1,1,221
202402,37,230,1,1,149
202403,37,230,1,1,380
202404,37,230,1,1,79
202405,37,230,1,1,49
202406,37,230,1,1,44
202407,37,230,1,1,19
202408,37,230,1,1,9
202409,37,230,1,1,3
202410,37,230,1,1,1
202401,37,231,1,1,6
202402,37,231,1,1,3
202403,37,231,1,1,1
202404,37,231,1,1,1
202405,37,231,1,1,2
202406,37,231,1,1,2
202407,37,231,1,1,1
202401,37,232,1,1,16662
202402,37,232,1,1,16059
202403,37,232,1,1,29666
202404,37,232,1,1,8051
202405,37,232,1,1,12544
202406,37,232,1,1,14968
202407,37,232,1,1,21573
202408,37,232,1,1,18733
202409,37,232,1,1,19623
202410,37,232,1,1,31388
202411,37,232,1,1,29257
202412,37,232,1,1,18585
202402,37,233,1,1,2
202403,37,233,1,1,3
202404,37,233,1,1,1
202401,37,235,1,1,14
202402,37,235,1,1,32
202403,37,235,1,1,12
202404,37,235,1,1,9
202405,37,235,1,1,18
202406,37,235,1,1,38
202407,37,235,1,1,53
202408,37,235,1,1,52
202409,37,235,1,1,52
202410,37,235,1,1,54
202411,37,235,1,1,37
202412,37,235,1,1,72
202412,37,237,1,1,3
202401,37,238,1,1,1
202401,37,239,1,1,978
202402,37,239,1,1,845
202403,37,239,1,1,1031
202404,37,239,1,1,1217
202405,37,239,1,1,1270
202406,37,239,1,1,905
202407,37,239,1,1,858
202408,37,239,1,1,743
202409,37,239,1,1,650
202410,37,239,1,1,707
202411,37,239,1,1,989
202412,37,239,1,1,791
202402,37,240,1,1,3
202403,37,240,1,1,4
202404,37,240,1,1,6
202405,37,240,1,1,6
202406,37,240,1,1,3
202407,37,240,1,1,1
202409,37,240,1,1,2
202410,37,240,1,1,2
202411,37,240,1,1,51
202412,37,240,1,1,40
202401,37,241,1,1,5
202402,37,241,1,1,1
202403,37,241,1,1,2
202404,37,241,1,1,8
202405,37,241,1,1,1
202406,37,241,1,1,2
202407,37,241,1,1,1
202411,37,241,1,1,2
202403,37,242,1,1,1
202406,37,242,1,1,5
202408,37,242,1,1,3
202401,37,244,1,1,1
202402,37,244,1,1,5
202401,37,245,1,1,9
202402,37,245,1,1,10
202403,37,245,1,1,13
202404,37,245,1,1,13
202405,37,245,1,1,7
202406,37,245,1,1,6
202407,37,245,1,1,5
202408,37,245,1,1,5
202409,37,245,1,1,8
202410,37,245,1,1,13
202411,37,245,1,1,6
202412,37,245,1,1,4
202401,37,246,1,1,3
202402,37,246,1,1,16
202403,37,246,1,1,37
202405,37,246,1,1,3
202406,37,246,1,1,4
202408,37,246,1,1,9
202409,37,246,1,1,9
202410,37,246,1,1,6
202411,37,246,1,1,7
202412,37,246,1,1,1
202401,37,248,1,1,1
202401,37,249,1,1,1
202404,37,249,1,1,1
202406,37,249,1,1,1
202407,37,249,1,1,1
202411,37,249,1,1,1
202412,37,249,1,1,3
202401,37,258,1,1,25
202402,37,258,1,1,22
202403,37,258,1,1,19
202404,37,258,1,1,13
202405,37,258,1,1,7
202406,37,258,1,1,10
202407,37,258,1,1,12
202408,37,258,1,1,8
202409,37,258,1,1,5
202410,37,258,1,1,2
202411,37,258,1,1,7
202412,37,258,1,1,3
202401,37,259,1,1,2
202403,37,259,1,1,1
202401,37,251,1,1,1
202402,37,251,1,1,4
202403,37,251,1,1,3
202405,37,251,1,1,3
202406,37,251,1,1,7
202407,37,251,1,1,2
202408,37,251,1,1,3
202409,37,251,1,1,1
202410,37,251,1,1,3
202411,37,251,1,1,6
202412,37,251,1,1,1
202401,37,253,1,1,1
202402,37,253,1,1,7
202403,37,253,1,1,1
202401,37,252,1,1,1
202403,37,252,1,1,1
202404,37,252,1,1,1
202405,37,252,1,1,1
202411,37,254,1,1,1
202412,37,254,1,1,2
202403,37,255,1,1,2
202404,37,255,1,1,4
202405,37,255,1,1,1
202406,37,255,1,1,1
202407,37,255,1,1,3
202410,37,255,1,1,4
202412,37,255,1,1,1
202401,37,256,1,1,270
202406,37,256,1,1,4
202407,37,256,1,1,7
202408,37,256,1,1,17
202409,37,256,1,1,10
202410,37,256,1,1,5
202411,37,256,1,1,5
202412,37,256,1,1,14
202401,37,257,1,1,3
202402,37,257,1,1,2
202403,37,257,1,1,4
202404,37,257,1,1,2
202405,37,257,1,1,4
202406,37,257,1,1,3
202407,37,257,1,1,4
202408,37,257,1,1,1
202409,37,257,1,1,1
202410,37,257,1,1,1
202412,37,257,1,1,1
202401,37,260,1,1,3
202402,37,260,1,1,7
202403,37,260,1,1,5
202404,37,260,1,1,13
202405,37,260,1,1,8
202406,37,260,1,1,4
202407,37,260,1,1,5
202408,37,260,1,1,6
202409,37,260,1,1,9
202410,37,260,1,1,7
202411,37,260,1,1,3
202412,37,260,1,1,4
202405,37,261,1,1,1
202406,37,261,1,1,47
202409,37,261,1,1,2
202410,37,261,1,1,2
202401,37,262,1,1,1
202402,37,262,1,1,3
202403,37,262,1,1,1
202405,37,262,1,1,1
202401,37,264,1,1,3
202402,37,264,1,1,6
202403,37,264,1,1,1
202406,37,264,1,1,4
202407,37,264,1,1,2
202408,37,264,1,1,3
202409,37,264,1,1,1
202410,37,264,1,1,1
202401,37,265,1,1,32
202402,37,265,1,1,24
202403,37,265,1,1,21
202404,37,265,1,1,28
202405,37,265,1,1,21
202406,37,265,1,1,15
202407,37,265,1,1,15
202408,37,265,1,1,6
202409,37,265,1,1,6
202410,37,265,1,1,13
202411,37,265,1,1,17
202412,37,265,1,1,13
202401,37,266,1,1,2
202402,37,266,1,1,11
202403,37,266,1,1,2
202404,37,266,1,1,1
202405,37,266,1,1,1
202406,37,266,1,1,5
202407,37,266,1,1,3
202408,37,266,1,1,1
202409,37,266,1,1,9
202410,37,266,1,1,7
202411,37,266,1,1,3
202412,37,266,1,1,2
202401,37,267,1,1,26
202402,37,267,1,1,31
202403,37,267,1,1,25
202404,37,267,1,1,39
202405,37,267,1,1,11
202406,37,267,1,1,24
202407,37,267,1,1,12
202408,37,267,1,1,6
202409,37,267,1,1,4
202410,37,267,1,1,4
202411,37,267,1,1,9
202412,37,267,1,1,7
202401,37,268,1,1,1
202409,37,268,1,1,5
202411,37,268,1,1,20
202402,37,269,1,1,3
202403,37,269,1,1,4
202404,37,269,1,1,4
202405,37,269,1,1,9
202406,37,269,1,1,6
202407,37,269,1,1,8
202408,37,269,1,1,16
202409,37,269,1,1,8
202410,37,269,1,1,25
202411,37,269,1,1,40
202412,37,269,1,1,9
202403,37,271,1,1,4
202405,37,271,1,1,2
202406,37,271,1,1,1
202411,37,271,1,1,1
202412,37,271,1,1,2
202402,37,273,1,1,2
202404,37,273,1,1,2
202408,37,273,1,1,1
202410,37,273,1,1,1
202401,37,274,1,1,25
202402,37,274,1,1,18
202403,37,274,1,1,20
202404,37,274,1,1,34
202405,37,274,1,1,18
202406,37,274,1,1,30
202407,37,274,1,1,21
202408,37,274,1,1,11
202409,37,274,1,1,15
202410,37,274,1,1,18
202411,37,274,1,1,26
202412,37,274,1,1,18
202401,37,276,1,1,4
202402,37,276,1,1,3
202403,37,276,1,1,2
202404,37,276,1,1,3
202405,37,276,1,1,3
202406,37,276,1,1,1
202407,37,276,1,1,2
202410,37,276,1,1,1
202412,37,276,1,1,1
202401,37,277,1,1,4
202402,37,277,1,1,4
202404,37,277,1,1,3
202405,37,277,1,1,1
202410,37,277,1,1,1
202401,37,278,1,1,23
202402,37,278,1,1,12
202403,37,278,1,1,16
202404,37,278,1,1,15
202405,37,278,1,1,14
202406,37,278,1,1,8
202407,37,278,1,1,12
202408,37,278,1,1,8
202409,37,278,1,1,3
202410,37,278,1,1,104
202411,37,278,1,1,2
202412,37,278,1,1,122
202412,37,280,1,1,40
202406,37,281,1,1,1
202412,37,282,1,1,11
202401,37,283,1,1,1
202405,37,285,1,1,1
202401,37,286,1,1,31
202402,37,286,1,1,12
202403,37,286,1,1,12
202404,37,286,1,1,17
202405,37,286,1,1,9
202406,37,286,1,1,7
202407,37,286,1,1,7
202408,37,286,1,1,6
202409,37,286,1,1,1
202410,37,286,1,1,2
202411,37,286,1,1,9
202412,37,286,1,1,6
202401,37,287,1,1,4
202402,37,287,1,1,1
202403,37,287,1,1,3
202404,37,287,1,1,1
202405,37,287,1,1,1
202406,37,287,1,1,1
202407,37,287,1,1,2
202401,37,288,1,1,2
202402,37,288,1,1,2
202403,37,288,1,1,5
202405,37,288,1,1,2
202406,37,288,1,1,2
202401,37,290,1,1,30
202402,37,290,1,1,17
202403,37,290,1,1,20
202404,37,290,1,1,7
202405,37,290,1,1,12
202406,37,290,1,1,13
202407,37,290,1,1,10
202408,37,290,1,1,18
202409,37,290,1,1,12
202410,37,290,1,1,4
202411,37,290,1,1,10
202412,37,290,1,1,25
202401,37,297,1,1,39
202402,37,297,1,1,48
202403,37,297,1,1,66
202404,37,297,1,1,15
202405,37,297,1,1,25
202406,37,297,1,1,19
202407,37,297,1,1,17
202408,37,297,1,1,18
202409,37,297,1,1,3
202410,37,297,1,1,10
202411,37,297,1,1,5
202412,37,297,1,1,1
202401,37,298,1,1,3
202402,37,298,1,1,10
202403,37,298,1,1,5
202404,37,298,1,1,1
202405,37,298,1,1,1
202406,37,298,1,1,1
202407,37,298,1,1,2
202410,37,298,1,1,3
202401,37,299,1,1,14
202402,37,299,1,1,7
202403,37,299,1,1,11
202404,37,299,1,1,11
202405,37,299,1,1,10
202406,37,299,1,1,7
202407,37,299,1,1,6
202408,37,299,1,1,1
202409,37,299,1,1,5
202410,37,299,1,1,4
202411,37,299,1,1,1
202401,37,300,1,1,3
202402,37,300,1,1,2
202403,37,300,1,1,11
202404,37,300,1,1,7
202405,37,300,1,1,2
202406,37,300,1,1,10
202407,37,300,1,1,2
202408,37,300,1,1,1
202409,37,300,1,1,1
202411,37,300,1,1,1
202412,37,300,1,1,6
202401,37,292,1,1,34
202402,37,292,1,1,21
202403,37,292,1,1,12
202404,37,292,1,1,11
202405,37,292,1,1,6
202406,37,292,1,1,11
202407,37,292,1,1,3
202408,37,292,1,1,6
202409,37,292,1,1,5
202410,37,292,1,1,11
202411,37,292,1,1,5
202412,37,292,1,1,2
202403,37,293,1,1,1
202405,37,293,1,1,1
202406,37,293,1,1,1
202408,37,293,1,1,1
202409,37,293,1,1,10
202410,37,293,1,1,1
202403,37,294,1,1,1
202406,37,294,1,1,27
202407,37,294,1,1,8
202408,37,294,1,1,7
202410,37,294,1,1,6
202411,37,294,1,1,12
202412,37,294,1,1,11
202401,37,296,1,1,1
202403,37,296,1,1,2
202404,37,296,1,1,1
202406,37,296,1,1,3
202407,37,296,1,1,4
202408,37,296,1,1,7
202411,37,296,1,1,1
202401,37,303,1,1,8
202402,37,303,1,1,6
202403,37,303,1,1,3
202404,37,303,1,1,5
202405,37,303,1,1,9
202406,37,303,1,1,7
202407,37,303,1,1,10
202408,37,303,1,1,3
202409,37,303,1,1,7
202410,37,303,1,1,5
202411,37,303,1,1,5
202412,37,303,1,1,1
202401,37,304,1,1,1
202402,37,304,1,1,2
202403,37,304,1,1,2
202404,37,304,1,1,1
202406,37,304,1,1,1
202409,37,304,1,1,1
202408,37,305,1,1,1
202410,37,305,1,1,5
202411,37,305,1,1,12
202412,37,305,1,1,6
202402,37,307,1,1,3
202403,37,307,1,1,1
202404,37,307,1,1,2
202406,37,307,1,1,2
202407,37,307,1,1,1
202408,37,307,1,1,1
202409,37,307,1,1,1
202410,37,307,1,1,2
202411,37,307,1,1,1
202412,37,307,1,1,2
202401,37,309,1,1,3
202403,37,309,1,1,2
202405,37,309,1,1,1
202409,37,309,1,1,1
202404,37,311,1,1,11
202405,37,311,1,1,11
202406,37,311,1,1,18
202407,37,311,1,1,12
202408,37,311,1,1,9
202409,37,311,1,1,20
202410,37,311,1,1,13
202411,37,311,1,1,14
202412,37,311,1,1,16
202401,37,312,1,1,1
202402,37,312,1,1,2
202403,37,312,1,1,2
202408,37,312,1,1,1
202409,37,312,1,1,2
202410,37,312,1,1,1
202501,37,1,1,1,1
202506,37,1,1,1,1
202509,37,1,1,1,1
202512,37,1,1,1,1
202501,37,2,1,1,4
202502,37,2,1,1,2
202503,37,2,1,1,1
202505,37,2,1,1,1
202506,37,2,1,1,2
202508,37,2,1,1,1
202509,37,2,1,1,1
202510,37,2,1,1,4
202511,37,2,1,1,3
202512,37,3,1,1,2
202501,37,4,1,1,80
202502,37,4,1,1,66
202503,37,4,1,1,53
202504,37,4,1,1,39
202505,37,4,1,1,30
202506,37,4,1,1,36
202507,37,4,1,1,29
202508,37,4,1,1,28
202509,37,4,1,1,32
202510,37,4,1,1,21
202511,37,4,1,1,20
202512,37,4,1,1,10
202507,37,5,1,1,1
202501,37,6,1,1,4
202507,37,6,1,1,1
202508,37,6,1,1,1
202501,37,7,1,1,2
202502,37,7,1,1,1
202510,37,7,1,1,1
202501,37,8,1,1,1
202502,37,8,1,1,6
202503,37,8,1,1,3
202504,37,8,1,1,2
202505,37,8,1,1,10
202506,37,8,1,1,3
202508,37,8,1,1,1
202511,37,8,1,1,1
202512,37,8,1,1,2
202501,37,9,1,1,26
202502,37,9,1,1,26
202503,37,9,1,1,22
202504,37,9,1,1,18
202505,37,9,1,1,6
202506,37,9,1,1,24
202507,37,9,1,1,5
202508,37,9,1,1,10
202509,37,9,1,1,7
202510,37,9,1,1,6
202511,37,9,1,1,1
202512,37,9,1,1,2
202501,37,10,1,1,1
202502,37,10,1,1,4
202504,37,10,1,1,3
202505,37,10,1,1,1
202507,37,10,1,1,2
202508,37,10,1,1,1
202501,37,11,1,1,1
202502,37,11,1,1,2
202503,37,11,1,1,1
202509,37,11,1,1,2
202503,37,12,1,1,1
202504,37,12,1,1,2
202505,37,12,1,1,1
202506,37,12,1,1,1
202501,37,13,1,1,1
202505,37,17,1,1,1
202506,37,17,1,1,1
202501,37,18,1,1,14050
202502,37,18,1,1,12923
202503,37,18,1,1,17021
202504,37,18,1,1,14342
202505,37,18,1,1,14104
202506,37,18,1,1,16018
202507,37,18,1,1,17835
202508,37,18,1,1,19469
202509,37,18,1,1,19620
202510,37,18,1,1,30246
202511,37,18,1,1,22202
202512,37,18,1,1,18635
202501,37,20,1,1,8
202502,37,20,1,1,3
202503,37,20,1,1,4
202504,37,20,1,1,5
202505,37,20,1,1,2
202507,37,20,1,1,1
202509,37,20,1,1,1
202510,37,20,1,1,1
202511,37,20,1,1,1
202501,37,21,1,1,2
202510,37,21,1,1,2
202511,37,21,1,1,1
202503,37,22,1,1,2
202505,37,22,1,1,1
202512,37,22,1,1,1
202501,37,23,1,1,22137
202502,37,23,1,1,22242
202503,37,23,1,1,36582
202504,37,23,1,1,19818
202505,37,23,1,1,22641
202506,37,23,1,1,23986
202507,37,23,1,1,20557
202508,37,23,1,1,12246
202509,37,23,1,1,20274
202510,37,23,1,1,32462
202511,37,23,1,1,26828
202512,37,23,1,1,19915
202501,37,24,1,1,142
202502,37,24,1,1,136
202503,37,24,1,1,220
202504,37,24,1,1,128
202505,37,24,1,1,111
202506,37,24,1,1,111
202507,37,24,1,1,88
202508,37,24,1,1,94
202509,37,24,1,1,64
202510,37,24,1,1,76
202511,37,24,1,1,91
202512,37,24,1,1,43
202501,37,25,1,1,11
202502,37,25,1,1,13
202503,37,25,1,1,18
202504,37,25,1,1,17
202505,37,25,1,1,9
202506,37,25,1,1,20
202507,37,25,1,1,17
202508,37,25,1,1,7
202509,37,25,1,1,10
202510,37,25,1,1,12
202511,37,25,1,1,18
202512,37,25,1,1,11
202501,37,26,1,1,1472
202502,37,26,1,1,1329
202503,37,26,1,1,3390
202504,37,26,1,1,1328
202505,37,26,1,1,1082
202506,37,26,1,1,1975
202507,37,26,1,1,1763
202508,37,26,1,1,1729
202509,37,26,1,1,2524
202510,37,26,1,1,3077
202511,37,26,1,1,2951
202512,37,26,1,1,2511
202502,37,28,1,1,1
202503,37,28,1,1,1
202506,37,28,1,1,2
202508,37,28,1,1,2
202509,37,28,1,1,3
202510,37,28,1,1,2
202511,37,28,1,1,1
202512,37,28,1,1,3
202501,37,29,1,1,9
202502,37,29,1,1,10
202503,37,29,1,1,6
202504,37,29,1,1,5
202505,37,29,1,1,7
202506,37,29,1,1,5
202507,37,29,1,1,7
202508,37,29,1,1,9
202509,37,29,1,1,2
202510,37,29,1,1,35
202511,37,29,1,1,40
202512,37,29,1,1,51
202501,37,30,1,1,72
202502,37,30,1,1,85
202503,37,30,1,1,50
202504,37,30,1,1,63
202505,37,30,1,1,93
202506,37,30,1,1,56
202507,37,30,1,1,140
202508,37,30,1,1,190
202509,37,30,1,1,58
202510,37,30,1,1,36
202511,37,30,1,1,75
202512,37,30,1,1,199
202501,37,31,1,1,560
202502,37,31,1,1,383
202503,37,31,1,1,292
202504,37,31,1,1,64
202505,37,31,1,1,512
202506,37,31,1,1,257
202507,37,31,1,1,123
202508,37,31,1,1,681
202509,37,31,1,1,895
202510,37,31,1,1,9
202511,37,31,1,1,272
202512,37,31,1,1,86
202504,37,32,1,1,41
202506,37,32,1,1,9
202508,37,32,1,1,14
202510,37,32,1,1,3
202512,37,32,1,1,1
202501,37,33,1,1,8
202502,37,33,1,1,6
202503,37,33,1,1,6
202504,37,33,1,1,11
202505,37,33,1,1,16
202506,37,33,1,1,11
202507,37,33,1,1,3
202510,37,33,1,1,6
202512,37,33,1,1,1
202501,37,35,1,1,29
202502,37,35,1,1,19
202503,37,35,1,1,19
202504,37,35,1,1,18
202505,37,35,1,1,12
202506,37,35,1,1,18
202507,37,35,1,1,17
202508,37,35,1,1,10
202509,37,35,1,1,8
202510,37,35,1,1,6
202511,37,35,1,1,4
202512,37,35,1,1,2
202501,37,36,1,1,4
202502,37,36,1,1,4
202503,37,36,1,1,2
202504,37,36,1,1,1
202505,37,36,1,1,1
202506,37,36,1,1,2
202507,37,36,1,1,4
202509,37,36,1,1,2
202510,37,36,1,1,3
202511,37,36,1,1,2
202512,37,36,1,1,1
202511,37,38,1,1,1
202501,37,39,1,1,1
202503,37,39,1,1,1
202508,37,39,1,1,2
202510,37,39,1,1,1
202511,37,39,1,1,1
202512,37,39,1,1,1
202503,37,40,1,1,1
202502,37,42,1,1,1
202503,37,42,1,1,1
202506,37,42,1,1,1
202501,37,46,1,1,4
202502,37,46,1,1,2
202503,37,46,1,1,2
202504,37,46,1,1,1
202505,37,46,1,1,4
202506,37,46,1,1,2
202507,37,46,1,1,5
202508,37,46,1,1,2
202509,37,46,1,1,2
202510,37,46,1,1,3
202511,37,46,1,1,3
202512,37,46,1,1,4
202506,37,47,1,1,1
202512,37,47,1,1,1
202501,37,48,1,1,1
202501,37,49,1,1,7
202502,37,49,1,1,3
202503,37,49,1,1,8
202504,37,49,1,1,3
202505,37,49,1,1,11
202506,37,49,1,1,3
202507,37,49,1,1,3
202508,37,49,1,1,15
202509,37,49,1,1,54
202510,37,49,1,1,15
202511,37,49,1,1,10
202512,37,49,1,1,19
202505,37,50,1,1,10
202501,37,51,1,1,4
202502,37,51,1,1,1
202503,37,51,1,1,1
202504,37,51,1,1,4
202505,37,51,1,1,3
202506,37,51,1,1,2
202510,37,51,1,1,2
202512,37,51,1,1,1
202501,37,52,1,1,9
202502,37,52,1,1,4
202503,37,52,1,1,17
202507,37,52,1,1,10
202509,37,52,1,1,1
202510,37,52,1,1,2
202507,37,53,1,1,17
202511,37,53,1,1,27
202501,37,54,1,1,41
202502,37,54,1,1,31
202503,37,54,1,1,24
202504,37,54,1,1,19
202505,37,54,1,1,21
202506,37,54,1,1,19
202507,37,54,1,1,9
202508,37,54,1,1,2
202509,37,54,1,1,5
202510,37,54,1,1,6
202511,37,54,1,1,3
202512,37,54,1,1,4
202512,37,43,1,1,1
202501,37,45,1,1,125
202502,37,45,1,1,269
202503,37,45,1,1,161
202504,37,45,1,1,456
202505,37,45,1,1,1149
202506,37,45,1,1,51
202507,37,45,1,1,1020
202508,37,45,1,1,1219
202509,37,45,1,1,957
202510,37,45,1,1,1015
202511,37,45,1,1,672
202512,37,45,1,1,1324
202501,37,56,1,1,2
202503,37,56,1,1,3
202505,37,56,1,1,1
202501,37,57,1,1,6
202503,37,57,1,1,6
202504,37,57,1,1,8
202505,37,57,1,1,12
202506,37,57,1,1,4
202507,37,57,1,1,4
202508,37,57,1,1,1
202509,37,57,1,1,1
202510,37,57,1,1,1
202502,37,58,1,1,4
202503,37,58,1,1,2
202501,37,59,1,1,1
202504,37,59,1,1,1
202509,37,59,1,1,1
202510,37,59,1,1,1
202511,37,59,1,1,1
202502,37,60,1,1,1
202508,37,60,1,1,1
202509,37,60,1,1,2
202512,37,60,1,1,2
202501,37,64,1,1,1
202502,37,64,1,1,41
202501,37,65,1,1,92
202502,37,65,1,1,83
202503,37,65,1,1,83
202504,37,65,1,1,72
202505,37,65,1,1,60
202506,37,65,1,1,68
202507,37,65,1,1,98
202508,37,65,1,1,89
202509,37,65,1,1,108
202510,37,65,1,1,128
202511,37,65,1,1,148
202512,37,65,1,1,92
202501,37,67,1,1,34
202502,37,67,1,1,48
202503,37,67,1,1,34
202504,37,67,1,1,24
202505,37,67,1,1,27
202506,37,67,1,1,15
202507,37,67,1,1,15
202508,37,67,1,1,18
202509,37,67,1,1,11
202510,37,67,1,1,23
202511,37,67,1,1,15
202512,37,67,1,1,22
202505,37,70,1,1,1
202501,37,71,1,1,21
202502,37,71,1,1,76
202503,37,71,1,1,71
202504,37,71,1,1,50
202505,37,71,1,1,71
202506,37,71,1,1,26
202507,37,71,1,1,8
202508,37,71,1,1,8
202509,37,71,1,1,13
202510,37,71,1,1,15
202511,37,71,1,1,14
202512,37,71,1,1,5
202507,37,72,1,1,1
202511,37,72,1,1,1
202501,37,73,1,1,5
202502,37,73,1,1,2
202503,37,73,1,1,5
202504,37,73,1,1,4
202505,37,73,1,1,7
202506,37,73,1,1,26
202507,37,73,1,1,3
202508,37,73,1,1,2
202509,37,73,1,1,6
202510,37,73,1,1,3
202511,37,73,1,1,28
202512,37,73,1,1,34
202501,37,74,1,1,3717
202502,37,74,1,1,3813
202503,37,74,1,1,5781
202504,37,74,1,1,4083
202505,37,74,1,1,4325
202506,37,74,1,1,4310
202507,37,74,1,1,4266
202508,37,74,1,1,4567
202509,37,74,1,1,4352
202510,37,74,1,1,7743
202511,37,74,1,1,5893
202512,37,74,1,1,4849
202501,37,75,1,1,1
202501,37,76,1,1,2
202502,37,76,1,1,3
202503,37,76,1,1,3
202505,37,76,1,1,12
202506,37,76,1,1,1
202507,37,76,1,1,1
202508,37,76,1,1,6
202511,37,76,1,1,3
202510,37,77,1,1,1
202501,37,78,1,1,5
202502,37,78,1,1,3
202503,37,78,1,1,4
202504,37,78,1,1,1
202505,37,78,1,1,4
202506,37,78,1,1,4
202507,37,78,1,1,1
202508,37,78,1,1,4
202509,37,78,1,1,2
202510,37,78,1,1,1
202511,37,78,1,1,6
202512,37,78,1,1,1
202501,37,79,1,1,82
202502,37,79,1,1,49
202503,37,79,1,1,74
202504,37,79,1,1,55
202505,37,79,1,1,67
202506,37,79,1,1,41
202507,37,79,1,1,38
202508,37,79,1,1,22
202509,37,79,1,1,54
202510,37,79,1,1,12
202511,37,79,1,1,12
202512,37,79,1,1,12
202501,37,81,1,1,1694
202502,37,81,1,1,2803
202503,37,81,1,1,8238
202504,37,81,1,1,6345
202505,37,81,1,1,7386
202506,37,81,1,1,7921
202507,37,81,1,1,10835
202508,37,81,1,1,13769
202509,37,81,1,1,13273
202510,37,81,1,1,16499
202511,37,81,1,1,12875
202512,37,81,1,1,11392
202502,37,83,1,1,6
202503,37,83,1,1,199
202504,37,83,1,1,377
202505,37,83,1,1,383
202506,37,83,1,1,454
202507,37,83,1,1,461
202508,37,83,1,1,420
202509,37,83,1,1,398
202510,37,83,1,1,434
202511,37,83,1,1,429
202512,37,83,1,1,304
202509,37,84,1,1,1
202510,37,84,1,1,2
202511,37,84,1,1,1
202512,37,84,1,1,1
202502,37,87,1,1,12
202503,37,87,1,1,7
202504,37,87,1,1,12
202505,37,87,1,1,12
202506,37,87,1,1,7
202507,37,87,1,1,9
202508,37,87,1,1,5
202509,37,87,1,1,6
202510,37,87,1,1,13
202511,37,87,1,1,14
202501,37,89,1,1,35
202502,37,89,1,1,23
202503,37,89,1,1,28
202504,37,89,1,1,9
202505,37,89,1,1,16
202506,37,89,1,1,16
202507,37,89,1,1,14
202508,37,89,1,1,15
202509,37,89,1,1,9
202510,37,89,1,1,7
202511,37,89,1,1,9
202512,37,89,1,1,5
202501,37,92,1,1,10
202502,37,92,1,1,11
202503,37,92,1,1,3
202504,37,92,1,1,2
202505,37,92,1,1,13
202506,37,92,1,1,5
202507,37,92,1,1,7
202508,37,92,1,1,10
202511,37,92,1,1,3
202512,37,92,1,1,3
202501,37,93,1,1,2
202502,37,94,1,1,3
202503,37,94,1,1,1
202504,37,94,1,1,6
202505,37,94,1,1,6
202506,37,94,1,1,23
202507,37,94,1,1,34
202508,37,94,1,1,19
202509,37,94,1,1,13
202510,37,94,1,1,5
202511,37,94,1,1,7
202512,37,94,1,1,3
202503,37,95,1,1,4
202504,37,95,1,1,3
202505,37,95,1,1,3
202506,37,95,1,1,3
202507,37,95,1,1,1
202508,37,95,1,1,3
202509,37,95,1,1,2
202511,37,95,1,1,4
202512,37,95,1,1,3
202508,37,97,1,1,1
202512,37,97,1,1,10
202509,37,98,1,1,1
202501,37,101,1,1,1
202503,37,101,1,1,5
202505,37,101,1,1,2
202506,37,101,1,1,1
202510,37,101,1,1,1
202511,37,101,1,1,3
202512,37,101,1,1,1
202501,37,103,1,1,60
202502,37,103,1,1,60
202503,37,103,1,1,62
202504,37,103,1,1,56
202505,37,103,1,1,69
202506,37,103,1,1,59
202507,37,103,1,1,57
202508,37,103,1,1,40
202509,37,103,1,1,67
202510,37,103,1,1,97
202511,37,103,1,1,80
202512,37,103,1,1,37
202501,37,104,1,1,5
202502,37,104,1,1,2
202503,37,104,1,1,3
202505,37,104,1,1,1
202507,37,104,1,1,1
202509,37,104,1,1,1
202511,37,104,1,1,1
202505,37,107,1,1,1
202501,37,108,1,1,4
202502,37,108,1,1,3
202503,37,108,1,1,1
202504,37,108,1,1,2
202506,37,108,1,1,1
202501,37,109,1,1,2
202502,37,109,1,1,2
202503,37,109,1,1,2
202504,37,109,1,1,4
202506,37,109,1,1,2
202505,37,110,1,1,6
202506,37,110,1,1,7
202507,37,110,1,1,7
202508,37,110,1,1,4
202509,37,110,1,1,10
202510,37,110,1,1,1
202511,37,110,1,1,5
202512,37,110,1,1,1
202501,37,111,1,1,3
202502,37,111,1,1,1
202505,37,111,1,1,1
202504,37,112,1,1,1
202510,37,112,1,1,30
202511,37,112,1,1,38
202501,37,113,1,1,4
202502,37,113,1,1,1
202503,37,113,1,1,2
202504,37,113,1,1,1
202505,37,113,1,1,1
202506,37,113,1,1,1
202507,37,113,1,1,5
202508,37,113,1,1,3
202509,37,113,1,1,1
202510,37,113,1,1,1
202511,37,113,1,1,2
202512,37,113,1,1,1
202507,37,114,1,1,2
202508,37,114,1,1,1
202509,37,114,1,1,1
202503,37,116,1,1,1
202504,37,116,1,1,2
202505,37,116,1,1,1
202506,37,116,1,1,1
202507,37,116,1,1,6
202508,37,116,1,1,4
202509,37,116,1,1,5
202510,37,116,1,1,5
202511,37,116,1,1,6
202512,37,116,1,1,2
202510,37,118,1,1,1
202501,37,117,1,1,1
202503,37,117,1,1,1
202506,37,119,1,1,1
202508,37,120,1,1,7
202509,37,120,1,1,4
202510,37,120,1,1,17
202511,37,120,1,1,6
202512,37,120,1,1,4
202502,37,121,1,1,1
202503,37,121,1,1,2
202504,37,121,1,1,1
202511,37,121,1,1,1
202507,37,124,1,1,1
202501,37,122,1,1,19
202502,37,122,1,1,15
202503,37,122,1,1,16
202504,37,122,1,1,11
202505,37,122,1,1,13
202506,37,122,1,1,13
202507,37,122,1,1,9
202508,37,122,1,1,8
202509,37,122,1,1,4
202510,37,122,1,1,9
202511,37,122,1,1,7
202512,37,122,1,1,6
202501,37,123,1,1,1
202501,37,125,1,1,11
202502,37,125,1,1,2
202503,37,125,1,1,3
202505,37,125,1,1,1
202507,37,125,1,1,3
202509,37,125,1,1,1
202512,37,125,1,1,1
202502,37,126,1,1,3
202510,37,126,1,1,1
202512,37,126,1,1,1
202501,37,129,1,1,35
202502,37,129,1,1,42
202503,37,129,1,1,34
202504,37,129,1,1,33
202505,37,129,1,1,35
202506,37,129,1,1,18
202507,37,129,1,1,38
202508,37,129,1,1,26
202509,37,129,1,1,39
202510,37,129,1,1,103
202511,37,129,1,1,101
202512,37,129,1,1,12
202501,37,105,1,1,1
202504,37,105,1,1,1
202502,37,130,1,1,1
202504,37,130,1,1,1
202505,37,130,1,1,2
202506,37,130,1,1,4
202507,37,130,1,1,4
202508,37,130,1,1,2
202509,37,130,1,1,1
202511,37,130,1,1,1
202501,37,131,1,1,8
202502,37,131,1,1,1
202503,37,131,1,1,8
202504,37,131,1,1,9
202505,37,131,1,1,3
202506,37,131,1,1,5
202507,37,131,1,1,3
202508,37,131,1,1,3
202509,37,131,1,1,2
202510,37,131,1,1,2
202511,37,131,1,1,1
202512,37,131,1,1,1
202501,37,132,1,1,6
202502,37,132,1,1,7
202503,37,132,1,1,13
202504,37,132,1,1,12
202505,37,132,1,1,5
202506,37,132,1,1,8
202507,37,132,1,1,8
202509,37,132,1,1,3
202510,37,132,1,1,6
202511,37,132,1,1,6
202512,37,132,1,1,9
202501,37,133,1,1,2
202503,37,133,1,1,2
202504,37,133,1,1,1
202505,37,133,1,1,1
202506,37,133,1,1,2
202508,37,133,1,1,1
202510,37,133,1,1,2
202512,37,133,1,1,1
202511,37,134,1,1,1
202512,37,134,1,1,1
202501,37,135,1,1,6
202502,37,135,1,1,1
202503,37,135,1,1,4
202505,37,135,1,1,3
202506,37,135,1,1,1
202507,37,135,1,1,2
202508,37,135,1,1,1
202510,37,135,1,1,1
202511,37,135,1,1,2
202502,37,136,1,1,2
202503,37,136,1,1,2
202504,37,136,1,1,1
202505,37,136,1,1,3
202506,37,136,1,1,1
202507,37,136,1,1,4
202508,37,136,1,1,1
202511,37,136,1,1,1
202512,37,136,1,1,2
202502,37,137,1,1,3
202503,37,137,1,1,5
202504,37,137,1,1,4
202505,37,137,1,1,6
202506,37,137,1,1,3
202507,37,137,1,1,11
202508,37,137,1,1,9
202509,37,137,1,1,6
202510,37,137,1,1,12
202511,37,137,1,1,11
202512,37,137,1,1,7
202501,37,138,1,1,24
202502,37,138,1,1,31
202503,37,138,1,1,14
202504,37,138,1,1,26
202505,37,138,1,1,37
202506,37,138,1,1,34
202507,37,138,1,1,88
202508,37,138,1,1,44
202509,37,138,1,1,50
202510,37,138,1,1,63
202511,37,138,1,1,59
202512,37,138,1,1,64
202502,37,139,1,1,2
202508,37,139,1,1,1
202509,37,139,1,1,2
202508,37,140,1,1,2
202502,37,144,1,1,1
202504,37,144,1,1,1
202508,37,144,1,1,1
202509,37,144,1,1,2
202511,37,144,1,1,4
202512,37,144,1,1,5
202501,37,145,1,1,2
202504,37,145,1,1,1
202503,37,141,1,1,7
202504,37,141,1,1,3
202505,37,141,1,1,3
202506,37,141,1,1,9
202507,37,141,1,1,7
202508,37,141,1,1,13
202509,37,141,1,1,8
202510,37,141,1,1,3
202511,37,141,1,1,29
202512,37,141,1,1,10
202502,37,143,1,1,2
202503,37,143,1,1,5
202504,37,143,1,1,1
202507,37,143,1,1,3
202508,37,143,1,1,1
202509,37,143,1,1,5
202510,37,143,1,1,1
202511,37,143,1,1,5
202512,37,148,1,1,2
202501,37,149,1,1,807
202502,37,149,1,1,768
202503,37,149,1,1,842
202504,37,149,1,1,1307
202505,37,149,1,1,1129
202506,37,149,1,1,767
202507,37,149,1,1,1227
202508,37,149,1,1,1514
202509,37,149,1,1,1088
202510,37,149,1,1,1193
202511,37,149,1,1,1350
202512,37,149,1,1,644
202501,37,150,1,1,15
202502,37,150,1,1,35
202503,37,150,1,1,23
202504,37,150,1,1,14
202505,37,150,1,1,9
202506,37,150,1,1,8
202507,37,150,1,1,14
202508,37,150,1,1,15
202509,37,150,1,1,19
202510,37,150,1,1,13
202511,37,150,1,1,85
202512,37,150,1,1,36
202510,37,151,1,1,84
202511,37,151,1,1,18
202512,37,151,1,1,27
202511,37,152,1,1,14
202512,37,152,1,1,35
202501,37,153,1,1,276
202502,37,153,1,1,251
202503,37,153,1,1,234
202504,37,153,1,1,189
202505,37,153,1,1,220
202506,37,153,1,1,219
202507,37,153,1,1,256
202508,37,153,1,1,216
202509,37,153,1,1,249
202510,37,153,1,1,282
202511,37,153,1,1,383
202512,37,153,1,1,304
202501,37,154,1,1,18
202502,37,154,1,1,9
202503,37,154,1,1,32
202504,37,154,1,1,15
202505,37,154,1,1,20
202506,37,154,1,1,18
202507,37,154,1,1,23
202508,37,154,1,1,2
202509,37,154,1,1,5
202510,37,154,1,1,7
202511,37,154,1,1,9
202512,37,154,1,1,1
202501,37,155,1,1,253
202502,37,155,1,1,275
202503,37,155,1,1,664
202504,37,155,1,1,445
202505,37,155,1,1,411
202506,37,155,1,1,537
202507,37,155,1,1,531
202508,37,155,1,1,480
202509,37,155,1,1,491
202510,37,155,1,1,485
202511,37,155,1,1,473
202512,37,155,1,1,451
202501,37,158,1,1,1
202503,37,158,1,1,2
202504,37,158,1,1,1
202512,37,158,1,1,1
202502,37,157,1,1,4
202503,37,157,1,1,7
202509,37,157,1,1,1
202511,37,157,1,1,1
202512,37,157,1,1,1
202502,37,159,1,1,1
202503,37,159,1,1,2
202506,37,159,1,1,5
202507,37,159,1,1,1
202508,37,159,1,1,3
202509,37,159,1,1,1
202510,37,159,1,1,19
202502,37,165,1,1,1
202501,37,163,1,1,12
202502,37,163,1,1,8
202503,37,163,1,1,7
202504,37,163,1,1,5
202505,37,163,1,1,1
202506,37,163,1,1,2
202507,37,163,1,1,2
202508,37,163,1,1,2
202511,37,163,1,1,2
202512,37,163,1,1,4
202503,37,166,1,1,1
202504,37,166,1,1,2
202506,37,166,1,1,1
202508,37,166,1,1,7
202509,37,166,1,1,2
202510,37,166,1,1,1
202511,37,166,1,1,13
202512,37,166,1,1,4
202501,37,167,1,1,11
202502,37,167,1,1,7
202503,37,167,1,1,6
202505,37,167,1,1,2
202507,37,167,1,1,3
202508,37,167,1,1,4
202510,37,167,1,1,4
202511,37,167,1,1,7
202512,37,167,1,1,3
202501,37,168,1,1,26
202502,37,168,1,1,9
202503,37,168,1,1,9
202504,37,168,1,1,28
202505,37,168,1,1,28
202506,37,168,1,1,68
202507,37,168,1,1,54
202508,37,168,1,1,52
202509,37,168,1,1,101
202510,37,168,1,1,123
202511,37,168,1,1,66
202512,37,168,1,1,64
202501,37,170,1,1,3
202502,37,170,1,1,3
202503,37,170,1,1,2
202504,37,170,1,1,3
202505,37,170,1,1,1
202506,37,170,1,1,2
202507,37,170,1,1,1
202509,37,170,1,1,1
202510,37,170,1,1,2
202511,37,170,1,1,3
202512,37,170,1,1,1
202501,37,171,1,1,1
202502,37,171,1,1,1
202506,37,171,1,1,1
202507,37,171,1,1,7
202508,37,171,1,1,4
202509,37,171,1,1,1
202510,37,171,1,1,3
202511,37,171,1,1,7
202512,37,171,1,1,5
202504,37,172,1,1,1
202506,37,172,1,1,1
202508,37,172,1,1,1
202509,37,172,1,1,1
202510,37,172,1,1,2
202501,37,173,1,1,1
202503,37,173,1,1,11
202510,37,173,1,1,2
202511,37,173,1,1,2
202505,37,175,1,1,1
202507,37,175,1,1,1
202510,37,175,1,1,1
202511,37,175,1,1,1
202501,37,177,1,1,25
202502,37,177,1,1,40
202503,37,177,1,1,24
202504,37,177,1,1,41
202505,37,177,1,1,290
202506,37,177,1,1,204
202507,37,177,1,1,206
202508,37,177,1,1,224
202509,37,177,1,1,366
202510,37,177,1,1,659
202511,37,177,1,1,529
202512,37,177,1,1,328
202508,37,179,1,1,4
202509,37,179,1,1,2
202510,37,179,1,1,15
202511,37,179,1,1,4
202502,37,180,1,1,3
202504,37,180,1,1,5
202505,37,180,1,1,3
202506,37,180,1,1,1
202507,37,180,1,1,1
202509,37,180,1,1,1
202511,37,180,1,1,1
202512,37,180,1,1,1
202504,37,183,1,1,4
202505,37,183,1,1,2
202506,37,183,1,1,3
202509,37,183,1,1,1
202512,37,183,1,1,4
202501,37,184,1,1,2
202505,37,184,1,1,1
202511,37,184,1,1,2
202501,37,185,1,1,3
202502,37,185,1,1,9
202503,37,185,1,1,15
202504,37,185,1,1,17
202505,37,185,1,1,10
202506,37,185,1,1,14
202507,37,185,1,1,6
202508,37,185,1,1,14
202509,37,185,1,1,20
202510,37,185,1,1,23
202511,37,185,1,1,18
202512,37,185,1,1,51
202501,37,186,1,1,186
202502,37,186,1,1,206
202503,37,186,1,1,250
202504,37,186,1,1,314
202505,37,186,1,1,288
202506,37,186,1,1,166
202507,37,186,1,1,250
202508,37,186,1,1,314
202509,37,186,1,1,323
202510,37,186,1,1,380
202511,37,186,1,1,239
202512,37,186,1,1,230
202501,37,187,1,1,178
202502,37,187,1,1,210
202503,37,187,1,1,343
202504,37,187,1,1,428
202505,37,187,1,1,8
202506,37,187,1,1,114
202507,37,187,1,1,6
202508,37,187,1,1,6
202509,37,187,1,1,186
202510,37,187,1,1,446
202511,37,187,1,1,480
202512,37,187,1,1,333
202501,37,188,1,1,2
202502,37,188,1,1,2
202503,37,188,1,1,2
202505,37,188,1,1,1
202507,37,188,1,1,2
202508,37,188,1,1,1
202509,37,188,1,1,1
202510,37,188,1,1,1
202511,37,188,1,1,3
202512,37,188,1,1,1
202501,37,189,1,1,255
202502,37,189,1,1,197
202503,37,189,1,1,264
202504,37,189,1,1,225
202505,37,189,1,1,246
202506,37,189,1,1,160
202507,37,189,1,1,185
202508,37,189,1,1,171
202509,37,189,1,1,107
202510,37,189,1,1,180
202511,37,189,1,1,151
202512,37,189,1,1,100
202501,37,190,1,1,24923
202502,37,190,1,1,9164
202503,37,190,1,1,24075
202504,37,190,1,1,20208
202505,37,190,1,1,18969
202506,37,190,1,1,20699
202507,37,190,1,1,18449
202508,37,190,1,1,19464
202509,37,190,1,1,13862
202510,37,190,1,1,16439
202511,37,190,1,1,8893
202512,37,190,1,1,9403
202504,37,191,1,1,1
202501,37,192,1,1,193
202502,37,192,1,1,168
202503,37,192,1,1,225
202504,37,192,1,1,197
202505,37,192,1,1,173
202506,37,192,1,1,152
202507,37,192,1,1,135
202508,37,192,1,1,145
202509,37,192,1,1,114
202510,37,192,1,1,163
202511,37,192,1,1,126
202512,37,192,1,1,111
202509,37,193,1,1,1
202511,37,193,1,1,1
202501,37,194,1,1,1
202502,37,194,1,1,1
202503,37,194,1,1,137
202504,37,194,1,1,208
202505,37,194,1,1,18
202506,37,194,1,1,150
202507,37,194,1,1,125
202508,37,194,1,1,107
202509,37,194,1,1,238
202510,37,194,1,1,214
202511,37,194,1,1,534
202512,37,194,1,1,592
202501,37,195,1,1,19
202502,37,195,1,1,8
202503,37,195,1,1,10
202504,37,195,1,1,7
202505,37,195,1,1,8
202506,37,195,1,1,1
202507,37,195,1,1,8
202509,37,195,1,1,4
202510,37,195,1,1,1
202511,37,195,1,1,1
202512,37,195,1,1,6
202501,37,196,1,1,4
202502,37,196,1,1,7
202503,37,196,1,1,1
202506,37,196,1,1,1
202502,37,197,1,1,1
202504,37,197,1,1,2
202510,37,197,1,1,1
202501,37,198,1,1,1675
202502,37,198,1,1,1587
202503,37,198,1,1,1813
202504,37,198,1,1,1465
202505,37,198,1,1,1287
202506,37,198,1,1,1438
202507,37,198,1,1,1702
202508,37,198,1,1,1793
202509,37,198,1,1,1775
202510,37,198,1,1,1712
202511,37,198,1,1,1079
202512,37,198,1,1,672
202502,37,201,1,1,4
202504,37,201,1,1,6
202505,37,201,1,1,3
202507,37,201,1,1,2
202509,37,201,1,1,1
202512,37,201,1,1,1
202501,37,202,1,1,408
202502,37,202,1,1,289
202503,37,202,1,1,303
202504,37,202,1,1,128
202505,37,202,1,1,67
202506,37,202,1,1,98
202507,37,202,1,1,94
202508,37,202,1,1,95
202509,37,202,1,1,66
202510,37,202,1,1,125
202511,37,202,1,1,260
202512,37,202,1,1,643
202503,37,203,1,1,2
202504,37,203,1,1,2
202505,37,203,1,1,3
202506,37,203,1,1,2
202507,37,203,1,1,1
202508,37,203,1,1,1
202511,37,203,1,1,4
202507,37,204,1,1,1
202501,37,205,1,1,1074
202502,37,205,1,1,770
202503,37,205,1,1,1418
202504,37,205,1,1,638
202505,37,205,1,1,897
202506,37,205,1,1,778
202507,37,205,1,1,836
202508,37,205,1,1,1088
202509,37,205,1,1,709
202510,37,205,1,1,1357
202511,37,205,1,1,1055
202512,37,205,1,1,536
202501,37,206,1,1,8
202502,37,206,1,1,10
202503,37,206,1,1,10
202504,37,206,1,1,6
202505,37,206,1,1,3
202506,37,206,1,1,3
202507,37,206,1,1,4
202508,37,206,1,1,5
202509,37,206,1,1,5
202510,37,206,1,1,2
202511,37,206,1,1,3
202512,37,206,1,1,4
202501,37,207,1,1,684
202502,37,207,1,1,663
202503,37,207,1,1,882
202504,37,207,1,1,891
202505,37,207,1,1,1078
202506,37,207,1,1,1399
202507,37,207,1,1,1680
202508,37,207,1,1,1903
202509,37,207,1,1,1895
202510,37,207,1,1,1823
202511,37,207,1,1,2065
202512,37,207,1,1,2059
202501,37,209,1,1,1
202502,37,209,1,1,1
202504,37,209,1,1,2
202507,37,209,1,1,9
202510,37,209,1,1,1
202511,37,209,1,1,1
202501,37,211,1,1,1
202502,37,211,1,1,2
202503,37,211,1,1,1
202504,37,211,1,1,1
202505,37,211,1,1,1
202507,37,211,1,1,1
202501,37,212,1,1,1
202502,37,212,1,1,1
202503,37,212,1,1,1
202504,37,212,1,1,2
202505,37,212,1,1,1
202507,37,212,1,1,1
202509,37,212,1,1,1
202511,37,212,1,1,1
202502,37,213,1,1,1
202508,37,213,1,1,2
202512,37,213,1,1,1
202502,37,214,1,1,5
202503,37,214,1,1,91
202504,37,214,1,1,100
202501,37,215,1,1,336
202502,37,215,1,1,260
202503,37,215,1,1,430
202504,37,215,1,1,332
202505,37,215,1,1,389
202506,37,215,1,1,440
202507,37,215,1,1,514
202508,37,215,1,1,735
202509,37,215,1,1,677
202510,37,215,1,1,1058
202511,37,215,1,1,783
202512,37,215,1,1,674
202501,37,216,1,1,1
202502,37,216,1,1,1
202504,37,216,1,1,3
202505,37,216,1,1,2
202506,37,216,1,1,1
202511,37,216,1,1,2
202501,37,217,1,1,2
202502,37,217,1,1,1
202508,37,217,1,1,3
202501,37,218,1,1,48
202502,37,218,1,1,54
202503,37,218,1,1,10
202504,37,218,1,1,45
202505,37,218,1,1,40
202506,37,218,1,1,44
202507,37,218,1,1,62
202508,37,218,1,1,40
202509,37,218,1,1,58
202510,37,218,1,1,46
202511,37,218,1,1,82
202512,37,218,1,1,83
202501,37,219,1,1,1
202502,37,219,1,1,1
202503,37,219,1,1,1
202504,37,219,1,1,1
202506,37,219,1,1,3
202507,37,219,1,1,1
202508,37,219,1,1,1
202509,37,219,1,1,4
202510,37,219,1,1,2
202511,37,219,1,1,1
202512,37,219,1,1,1
202506,37,220,1,1,2
202507,37,220,1,1,15
202508,37,220,1,1,9
202510,37,220,1,1,12
202511,37,220,1,1,4
202512,37,220,1,1,2
202504,37,221,1,1,1
202503,37,222,1,1,2
202505,37,222,1,1,1
202506,37,222,1,1,1
202512,37,224,1,1,2
202505,37,225,1,1,1
202511,37,227,1,1,1
202512,37,227,1,1,1
202501,37,229,1,1,2
202502,37,229,1,1,1
202505,37,229,1,1,2
202511,37,230,1,1,2
202502,37,231,1,1,1
202501,37,232,1,1,25418
202502,37,232,1,1,20014
202503,37,232,1,1,32895
202504,37,232,1,1,20848
202505,37,232,1,1,25807
202506,37,232,1,1,26734
202507,37,232,1,1,23597
202508,37,232,1,1,25647
202509,37,232,1,1,23926
202510,37,232,1,1,31076
202511,37,232,1,1,32309
202512,37,232,1,1,26841
202502,37,233,1,1,2
202505,37,233,1,1,3
202502,37,234,1,1,1
202506,37,234,1,1,1
202501,37,235,1,1,87
202502,37,235,1,1,55
202503,37,235,1,1,64
202504,37,235,1,1,98
202505,37,235,1,1,107
202506,37,235,1,1,96
202507,37,235,1,1,137
202508,37,235,1,1,164
202509,37,235,1,1,149
202510,37,235,1,1,91
202511,37,235,1,1,237
202512,37,235,1,1,275
202508,37,236,1,1,1
202501,37,237,1,1,10
202502,37,237,1,1,11
202503,37,237,1,1,14
202504,37,237,1,1,13
202505,37,237,1,1,23
202506,37,237,1,1,11
202507,37,237,1,1,10
202508,37,237,1,1,10
202509,37,237,1,1,4
202510,37,237,1,1,20
202511,37,237,1,1,23
202512,37,237,1,1,12
202501,37,239,1,1,508
202502,37,239,1,1,401
202503,37,239,1,1,425
202504,37,239,1,1,414
202505,37,239,1,1,457
202506,37,239,1,1,463
202507,37,239,1,1,433
202508,37,239,1,1,395
202509,37,239,1,1,286
202510,37,239,1,1,310
202511,37,239,1,1,277
202512,37,239,1,1,232
202501,37,240,1,1,42
202502,37,240,1,1,26
202503,37,240,1,1,42
202504,37,240,1,1,23
202505,37,240,1,1,65
202506,37,240,1,1,37
202507,37,240,1,1,55
202508,37,240,1,1,51
202509,37,240,1,1,36
202510,37,240,1,1,46
202511,37,240,1,1,30
202512,37,240,1,1,22
202501,37,241,1,1,19
202507,37,241,1,1,4
202508,37,241,1,1,1
202509,37,241,1,1,1
202510,37,241,1,1,1
202501,37,243,1,1,9
202502,37,243,1,1,12
202503,37,243,1,1,5
202504,37,243,1,1,3
202505,37,243,1,1,12
202506,37,243,1,1,14
202507,37,243,1,1,13
202508,37,243,1,1,17
202509,37,243,1,1,10
202510,37,243,1,1,15
202511,37,243,1,1,4
202512,37,243,1,1,5
202502,37,242,1,1,6
202503,37,244,1,1,1
202507,37,244,1,1,2
202501,37,245,1,1,2
202502,37,245,1,1,10
202503,37,245,1,1,17
202504,37,245,1,1,11
202505,37,245,1,1,9
202506,37,245,1,1,2
202507,37,245,1,1,7
202508,37,245,1,1,6
202509,37,245,1,1,15
202510,37,245,1,1,4
202511,37,245,1,1,13
202512,37,245,1,1,25
202502,37,246,1,1,1
202503,37,246,1,1,1
202504,37,246,1,1,3
202505,37,246,1,1,4
202506,37,246,1,1,3
202507,37,246,1,1,1
202508,37,246,1,1,2
202509,37,246,1,1,2
202510,37,246,1,1,1
202511,37,246,1,1,4
202503,37,247,1,1,7
202504,37,247,1,1,10
202505,37,247,1,1,10
202506,37,247,1,1,15
202507,37,247,1,1,16
202508,37,247,1,1,31
202509,37,247,1,1,19
202510,37,247,1,1,93
202511,37,247,1,1,145
202512,37,247,1,1,80
202505,37,249,1,1,2
202501,37,258,1,1,3
202503,37,258,1,1,1
202504,37,258,1,1,2
202505,37,258,1,1,2
202509,37,258,1,1,2
202510,37,258,1,1,1
202511,37,258,1,1,2
202512,37,258,1,1,5
202504,37,250,1,1,1
202501,37,251,1,1,1
202502,37,251,1,1,1
202507,37,251,1,1,1
202501,37,254,1,1,2
202502,37,254,1,1,3
202506,37,254,1,1,1
202507,37,254,1,1,1
202501,37,255,1,1,1
202503,37,255,1,1,2
202501,37,256,1,1,23
202502,37,256,1,1,10
202503,37,256,1,1,4
202504,37,256,1,1,1
202505,37,256,1,1,3
202506,37,256,1,1,4
202507,37,256,1,1,4
202508,37,256,1,1,3
202509,37,256,1,1,2
202510,37,256,1,1,1
202511,37,256,1,1,1
202512,37,256,1,1,2
202505,37,257,1,1,1
202501,37,260,1,1,5
202502,37,260,1,1,10
202505,37,260,1,1,4
202506,37,260,1,1,3
202507,37,260,1,1,5
202508,37,260,1,1,6
202509,37,260,1,1,2
202510,37,260,1,1,5
202511,37,260,1,1,4
202512,37,260,1,1,7
202501,37,261,1,1,1
202512,37,261,1,1,1
202503,37,263,1,1,1
202506,37,263,1,1,1
202510,37,263,1,1,1
202506,37,264,1,1,2
202507,37,264,1,1,1
202508,37,264,1,1,1
202511,37,264,1,1,1
202512,37,264,1,1,1
202501,37,265,1,1,18
202502,37,265,1,1,6
202503,37,265,1,1,6
202504,37,265,1,1,12
202505,37,265,1,1,5
202506,37,265,1,1,8
202507,37,265,1,1,3
202508,37,265,1,1,1
202509,37,265,1,1,1
202510,37,265,1,1,4
202511,37,265,1,1,4
202512,37,265,1,1,8
202501,37,266,1,1,2
202502,37,266,1,1,1
202504,37,266,1,1,1
202509,37,266,1,1,1
202510,37,266,1,1,1
202501,37,267,1,1,1
202502,37,267,1,1,2
202503,37,267,1,1,1
202505,37,267,1,1,3
202506,37,267,1,1,2
202501,37,268,1,1,1
202504,37,268,1,1,1
202501,37,269,1,1,9
202502,37,269,1,1,25
202503,37,269,1,1,22
202504,37,269,1,1,6
202505,37,269,1,1,8
202506,37,269,1,1,3
202507,37,269,1,1,8
202510,37,269,1,1,5
202511,37,269,1,1,8
202512,37,269,1,1,5
202502,37,270,1,1,1
202502,37,271,1,1,3
202503,37,271,1,1,4
202504,37,271,1,1,1
202506,37,271,1,1,1
202508,37,271,1,1,1
202511,37,271,1,1,1
202512,37,271,1,1,1
202501,37,274,1,1,12
202502,37,274,1,1,14
202503,37,274,1,1,7
202504,37,274,1,1,11
202505,37,274,1,1,2
202506,37,274,1,1,10
202507,37,274,1,1,3
202508,37,274,1,1,8
202509,37,274,1,1,2
202511,37,274,1,1,12
202512,37,274,1,1,2
202503,37,275,1,1,5
202504,37,275,1,1,4
202505,37,275,1,1,4
202507,37,275,1,1,5
202511,37,275,1,1,5
202512,37,275,1,1,2
202504,37,276,1,1,1
202501,37,278,1,1,6
202502,37,278,1,1,1
202504,37,278,1,1,2
202505,37,278,1,1,3
202506,37,278,1,1,1
202507,37,278,1,1,3
202508,37,278,1,1,1
202510,37,278,1,1,1
202502,37,279,1,1,1
202504,37,279,1,1,1
202505,37,279,1,1,3
202506,37,279,1,1,1
202507,37,279,1,1,5
202508,37,279,1,1,2
202509,37,279,1,1,3
202510,37,279,1,1,1
202511,37,279,1,1,2
202512,37,279,1,1,3
202502,37,280,1,1,40
202503,37,280,1,1,2
202504,37,280,1,1,38
202505,37,280,1,1,36
202501,37,281,1,1,1
202501,37,282,1,1,106
202502,37,282,1,1,50
202503,37,282,1,1,100
202505,37,282,1,1,198
202506,37,282,1,1,43
202507,37,282,1,1,3
202509,37,283,1,1,1
202501,37,286,1,1,5
202502,37,286,1,1,3
202503,37,286,1,1,6
202506,37,286,1,1,3
202507,37,286,1,1,8
202508,37,286,1,1,2
202509,37,286,1,1,1
202510,37,286,1,1,4
202511,37,286,1,1,2
202512,37,286,1,1,3
202501,37,288,1,1,1
202501,37,290,1,1,6
202502,37,290,1,1,14
202503,37,290,1,1,4
202504,37,290,1,1,3
202505,37,290,1,1,1
202506,37,290,1,1,2
202507,37,290,1,1,1
202508,37,290,1,1,3
202509,37,290,1,1,1
202510,37,290,1,1,3
202511,37,290,1,1,6
202501,37,297,1,1,1
202502,37,297,1,1,2
202503,37,297,1,1,7
202504,37,297,1,1,1
202505,37,297,1,1,1
202506,37,297,1,1,2
202507,37,297,1,1,4
202508,37,297,1,1,1
202509,37,297,1,1,3
202501,37,298,1,1,3
202502,37,298,1,1,3
202503,37,298,1,1,2
202507,37,298,1,1,3
202511,37,298,1,1,1
202512,37,298,1,1,1
202502,37,299,1,1,2
202503,37,299,1,1,1
202501,37,300,1,1,1
202504,37,300,1,1,2
202505,37,300,1,1,2
202507,37,300,1,1,1
202504,37,291,1,1,2
202505,37,291,1,1,6
202506,37,291,1,1,2
202507,37,291,1,1,9
202508,37,291,1,1,8
202509,37,291,1,1,13
202510,37,291,1,1,17
202511,37,291,1,1,21
202512,37,291,1,1,11
202505,37,301,1,1,1
202501,37,292,1,1,2
202502,37,292,1,1,5
202503,37,292,1,1,2
202504,37,292,1,1,4
202505,37,292,1,1,4
202506,37,292,1,1,4
202507,37,292,1,1,3
202508,37,292,1,1,6
202509,37,292,1,1,1
202510,37,292,1,1,1
202511,37,292,1,1,5
202512,37,292,1,1,2
202505,37,293,1,1,35
202506,37,293,1,1,1
202512,37,293,1,1,1
202501,37,294,1,1,6
202502,37,294,1,1,3
202503,37,294,1,1,1
202504,37,294,1,1,4
202505,37,294,1,1,8
202506,37,294,1,1,6
202507,37,294,1,1,4
202508,37,294,1,1,2
202509,37,294,1,1,15
202512,37,294,1,1,1
202502,37,295,1,1,1
202507,37,295,1,1,1
202508,37,295,1,1,1
202502,37,296,1,1,2
202501,37,302,1,1,2
202508,37,302,1,1,1
202501,37,303,1,1,2
202503,37,303,1,1,2
202504,37,303,1,1,2
202505,37,303,1,1,1
202506,37,303,1,1,3
202507,37,303,1,1,6
202508,37,303,1,1,1
202509,37,303,1,1,3
202510,37,303,1,1,1
202511,37,303,1,1,3
202512,37,303,1,1,5
202501,37,304,1,1,4
202504,37,304,1,1,1
202501,37,305,1,1,7
202502,37,305,1,1,10
202503,37,305,1,1,3
202504,37,305,1,1,7
202505,37,305,1,1,6
202506,37,305,1,1,13
202507,37,305,1,1,17
202508,37,305,1,1,5
202509,37,305,1,1,6
202510,37,305,1,1,6
202511,37,305,1,1,23
202512,37,305,1,1,9
202501,37,307,1,1,1
202502,37,307,1,1,1
202503,37,307,1,1,1
202506,37,307,1,1,2
202507,37,307,1,1,2
202508,37,307,1,1,1
202512,37,308,1,1,18
202512,37,310,1,1,4
202501,37,311,1,1,15
202502,37,311,1,1,16
202503,37,311,1,1,17
202504,37,311,1,1,27
202505,37,311,1,1,16
202506,37,311,1,1,16
202507,37,311,1,1,18
202508,37,311,1,1,5
202509,37,311,1,1,14
202510,37,311,1,1,11
202511,37,311,1,1,12
202512,37,311,1,1,12
202501,37,312,1,1,1
202512,37,312,1,1,1
202601,37,1,1,1,1
202603,37,1,1,1,1
202604,37,1,1,1,2
202607,37,1,1,1,1
202608,37,1,1,1,3
202601,37,2,1,1,22
202602,37,2,1,1,160
202603,37,2,1,1,108
202604,37,2,1,1,2
202605,37,2,1,1,2
202606,37,2,1,1,1
202607,37,2,1,1,2
202608,37,2,1,1,1
202601,37,4,1,1,8
202602,37,4,1,1,1
202604,37,4,1,1,3
202606,37,4,1,1,2
202604,37,5,1,1,2
202607,37,5,1,1,10
202608,37,5,1,1,16
202604,37,6,1,1,2
202607,37,6,1,1,1
202604,37,7,1,1,1
202605,37,8,1,1,1
202601,37,9,1,1,1
202602,37,9,1,1,1
202603,37,9,1,1,8
202604,37,9,1,1,3
202605,37,9,1,1,3
202606,37,9,1,1,5
202607,37,9,1,1,2
202608,37,9,1,1,2
202603,37,11,1,1,1
202606,37,11,1,1,1
202606,37,12,1,1,1
202607,37,12,1,1,1
202605,37,15,1,1,1
202607,37,14,1,1,1
202603,37,16,1,1,1
202604,37,16,1,1,1
202605,37,16,1,1,1
202607,37,16,1,1,1
202608,37,16,1,1,4
202606,37,17,1,1,1
202601,37,18,1,1,23486
202602,37,18,1,1,21917
202603,37,18,1,1,36633
202604,37,18,1,1,29027
202605,37,18,1,1,28660
202606,37,18,1,1,31527
202607,37,18,1,1,30681
202608,37,18,1,1,29055
202608,37,20,1,1,4
202604,37,21,1,1,1
202601,37,23,1,1,26576
202602,37,23,1,1,26344
202603,37,23,1,1,47755
202604,37,23,1,1,34601
202605,37,23,1,1,39545
202606,37,23,1,1,43538
202607,37,23,1,1,45893
202608,37,23,1,1,41321
202601,37,24,1,1,50
202602,37,24,1,1,34
202603,37,24,1,1,84
202604,37,24,1,1,62
202605,37,24,1,1,63
202606,37,24,1,1,31
202607,37,24,1,1,51
202608,37,24,1,1,8
202601,37,25,1,1,6
202602,37,25,1,1,8
202603,37,25,1,1,18
202604,37,25,1,1,17
202605,37,25,1,1,4
202606,37,25,1,1,8
202607,37,25,1,1,11
202608,37,25,1,1,8
202601,37,26,1,1,2539
202602,37,26,1,1,2723
202603,37,26,1,1,3774
202604,37,26,1,1,3230
202605,37,26,1,1,3300
202606,37,26,1,1,3974
202607,37,26,1,1,5560
202608,37,26,1,1,5045
202601,37,28,1,1,1
202602,37,28,1,1,1
202603,37,28,1,1,2
202604,37,28,1,1,2
202605,37,28,1,1,3
202606,37,28,1,1,5
202607,37,28,1,1,2
202601,37,29,1,1,73
202602,37,29,1,1,53
202603,37,29,1,1,41
202604,37,29,1,1,28
202605,37,29,1,1,7
202606,37,29,1,1,9
202607,37,29,1,1,5
202608,37,29,1,1,5
202601,37,30,1,1,160
202602,37,30,1,1,32
202603,37,30,1,1,235
202604,37,30,1,1,121
202605,37,30,1,1,230
202606,37,30,1,1,97
202607,37,30,1,1,174
202608,37,30,1,1,18
202601,37,31,1,1,125
202602,37,31,1,1,46
202603,37,31,1,1,299
202604,37,31,1,1,1077
202605,37,31,1,1,1351
202606,37,31,1,1,1283
202607,37,31,1,1,943
202608,37,31,1,1,1049
202606,37,32,1,1,1
202607,37,32,1,1,1
202602,37,33,1,1,1
202603,37,33,1,1,1
202604,37,33,1,1,8
202605,37,33,1,1,1
202606,37,33,1,1,1
202607,37,33,1,1,3
202608,37,33,1,1,2
202601,37,35,1,1,2
202602,37,35,1,1,4
202603,37,35,1,1,1
202606,37,35,1,1,3
202607,37,35,1,1,2
202608,37,35,1,1,4
202601,37,36,1,1,1
202603,37,36,1,1,1
202602,37,39,1,1,1
202608,37,39,1,1,1
202601,37,46,1,1,5
202602,37,46,1,1,4
202603,37,46,1,1,1
202604,37,46,1,1,2
202605,37,46,1,1,6
202607,37,46,1,1,2
202608,37,46,1,1,6
202602,37,47,1,1,1
202604,37,47,1,1,1
202601,37,49,1,1,14
202602,37,49,1,1,18
202603,37,49,1,1,8
202604,37,49,1,1,9
202605,37,49,1,1,1
202606,37,49,1,1,1
202607,37,49,1,1,2
202602,37,50,1,1,1
202602,37,51,1,1,1
202603,37,51,1,1,1
202604,37,51,1,1,1
202601,37,52,1,1,2
202602,37,52,1,1,1
202607,37,52,1,1,2
202608,37,52,1,1,1
202601,37,53,1,1,33
202604,37,53,1,1,55
202605,37,53,1,1,2
202606,37,53,1,1,19
202607,37,53,1,1,12
202608,37,53,1,1,24
202605,37,55,1,1,38
202607,37,55,1,1,1
202605,37,43,1,1,1
202607,37,43,1,1,1
202601,37,45,1,1,2033
202602,37,45,1,1,1176
202603,37,45,1,1,1510
202604,37,45,1,1,680
202605,37,45,1,1,955
202606,37,45,1,1,1878
202607,37,45,1,1,445
202608,37,45,1,1,120
202601,37,56,1,1,1
202603,37,57,1,1,1
202604,37,57,1,1,3
202608,37,57,1,1,1
202602,37,60,1,1,1
202606,37,60,1,1,3
202601,37,65,1,1,137
202602,37,65,1,1,117
202603,37,65,1,1,116
202604,37,65,1,1,166
202605,37,65,1,1,96
202606,37,65,1,1,212
202607,37,65,1,1,232
202608,37,65,1,1,202
202601,37,67,1,1,22
202602,37,67,1,1,16
202603,37,67,1,1,4
202604,37,67,1,1,10
202605,37,67,1,1,5
202606,37,67,1,1,2
202607,37,67,1,1,5
202608,37,67,1,1,4
202601,37,71,1,1,4
202602,37,71,1,1,7
202603,37,71,1,1,5
202604,37,71,1,1,39
202605,37,71,1,1,27
202606,37,71,1,1,7
202607,37,71,1,1,9
202608,37,71,1,1,2
202602,37,72,1,1,1
202601,37,73,1,1,46
202602,37,73,1,1,7
202603,37,73,1,1,3
202604,37,73,1,1,4
202605,37,73,1,1,9
202606,37,73,1,1,24
202607,37,73,1,1,2
202608,37,73,1,1,5
202601,37,74,1,1,5420
202602,37,74,1,1,4762
202603,37,74,1,1,7978
202604,37,74,1,1,7011
202605,37,74,1,1,7703
202606,37,74,1,1,10940
202607,37,74,1,1,10136
202608,37,74,1,1,8621
202601,37,77,1,1,1
202602,37,77,1,1,2
202601,37,79,1,1,9
202602,37,79,1,1,5
202603,37,79,1,1,8
202604,37,79,1,1,8
202605,37,79,1,1,5
202606,37,79,1,1,5
202607,37,79,1,1,10
202608,37,79,1,1,4
202601,37,81,1,1,13868
202602,37,81,1,1,12977
202603,37,81,1,1,22202
202604,37,81,1,1,15941
202605,37,81,1,1,19229
202606,37,81,1,1,21919
202607,37,81,1,1,23002
202608,37,81,1,1,19114
202604,37,82,1,1,1
202601,37,83,1,1,297
202602,37,83,1,1,206
202603,37,83,1,1,149
202604,37,83,1,1,402
202605,37,83,1,1,526
202606,37,83,1,1,818
202607,37,83,1,1,939
202608,37,83,1,1,882
202601,37,84,1,1,1
202602,37,84,1,1,2
202603,37,84,1,1,3
202605,37,84,1,1,1
202606,37,84,1,1,2
202607,37,84,1,1,5
202608,37,84,1,1,4
202601,37,85,1,1,20
202602,37,85,1,1,7
202604,37,85,1,1,5
202605,37,85,1,1,3
202607,37,85,1,1,1
202601,37,87,1,1,8
202602,37,87,1,1,4
202603,37,87,1,1,1
202604,37,87,1,1,3
202605,37,87,1,1,6
202606,37,87,1,1,2
202607,37,87,1,1,8
202608,37,87,1,1,3
202601,37,89,1,1,2
202602,37,89,1,1,15
202603,37,89,1,1,3
202604,37,89,1,1,6
202605,37,89,1,1,5
202606,37,89,1,1,4
202607,37,89,1,1,3
202608,37,89,1,1,3
202601,37,92,1,1,4
202602,37,92,1,1,10
202603,37,92,1,1,3
202605,37,92,1,1,2
202606,37,92,1,1,13
202607,37,92,1,1,1
202608,37,92,1,1,1
202601,37,94,1,1,2
202602,37,94,1,1,2
202603,37,94,1,1,8
202604,37,94,1,1,37
202605,37,94,1,1,19
202606,37,94,1,1,19
202607,37,94,1,1,38
202608,37,94,1,1,39
202601,37,95,1,1,2
202602,37,95,1,1,2
202603,37,95,1,1,9
202604,37,95,1,1,2
202605,37,95,1,1,3
202606,37,95,1,1,1
202608,37,95,1,1,1
202601,37,97,1,1,25
202602,37,97,1,1,10
202601,37,98,1,1,1
202602,37,98,1,1,2
202603,37,98,1,1,3
202604,37,98,1,1,5
202605,37,98,1,1,3
202606,37,98,1,1,10
202607,37,98,1,1,13
202608,37,98,1,1,6
202603,37,100,1,1,36
202604,37,100,1,1,106
202605,37,100,1,1,140
202606,37,100,1,1,142
202607,37,100,1,1,171
202608,37,100,1,1,173
202604,37,101,1,1,3
202603,37,102,1,1,4
202601,37,103,1,1,46
202602,37,103,1,1,39
202603,37,103,1,1,37
202604,37,103,1,1,37
202605,37,103,1,1,11
202606,37,103,1,1,27
202607,37,103,1,1,31
202608,37,103,1,1,24
202601,37,104,1,1,2
202602,37,104,1,1,1
202606,37,104,1,1,1
202608,37,104,1,1,1
202603,37,109,1,1,1
202605,37,110,1,1,1
202608,37,110,1,1,3
202602,37,112,1,1,24
202603,37,112,1,1,13
202601,37,113,1,1,1
202607,37,113,1,1,1
202602,37,116,1,1,6
202603,37,116,1,1,1
202604,37,116,1,1,1
202605,37,116,1,1,4
202607,37,116,1,1,1
202608,37,116,1,1,1
202601,37,120,1,1,6
202602,37,120,1,1,1
202603,37,120,1,1,12
202604,37,120,1,1,5
202605,37,120,1,1,8
202606,37,120,1,1,3
202607,37,120,1,1,7
202608,37,120,1,1,11
202602,37,121,1,1,1
202607,37,121,1,1,1
202601,37,122,1,1,8
202602,37,122,1,1,7
202603,37,122,1,1,20
202604,37,122,1,1,39
202605,37,122,1,1,21
202606,37,122,1,1,18
202607,37,122,1,1,19
202608,37,122,1,1,18
202603,37,125,1,1,1
202607,37,125,1,1,1
202606,37,126,1,1,1
202607,37,126,1,1,1
202608,37,127,1,1,4
202601,37,129,1,1,39
202602,37,129,1,1,38
202603,37,129,1,1,55
202604,37,129,1,1,40
202605,37,129,1,1,79
202606,37,129,1,1,149
202607,37,129,1,1,138
202608,37,129,1,1,111
202602,37,130,1,1,1
202603,37,130,1,1,2
202604,37,130,1,1,1
202608,37,130,1,1,1
202602,37,131,1,1,2
202605,37,131,1,1,2
202601,37,132,1,1,8
202602,37,132,1,1,4
202603,37,132,1,1,1
202604,37,132,1,1,14
202605,37,132,1,1,11
202606,37,132,1,1,4
202607,37,132,1,1,17
202608,37,132,1,1,12
202604,37,133,1,1,1
202605,37,133,1,1,1
202602,37,134,1,1,1
202606,37,134,1,1,2
202602,37,135,1,1,2
202604,37,135,1,1,2
202605,37,135,1,1,1
202606,37,135,1,1,1
202608,37,135,1,1,1
202603,37,136,1,1,3
202604,37,136,1,1,2
202608,37,136,1,1,1
202601,37,137,1,1,4
202602,37,137,1,1,11
202603,37,137,1,1,3
202604,37,137,1,1,3
202605,37,137,1,1,6
202606,37,137,1,1,4
202607,37,137,1,1,1
202601,37,138,1,1,277
202602,37,138,1,1,240
202603,37,138,1,1,392
202604,37,138,1,1,680
202605,37,138,1,1,382
202606,37,138,1,1,508
202607,37,138,1,1,115
202608,37,138,1,1,76
202605,37,140,1,1,80
202606,37,140,1,1,80
202607,37,140,1,1,120
202608,37,140,1,1,40
202601,37,144,1,1,3
202602,37,144,1,1,2
202604,37,144,1,1,3
202606,37,144,1,1,1
202601,37,145,1,1,1
202601,37,141,1,1,10
202602,37,141,1,1,11
202603,37,141,1,1,7
202604,37,141,1,1,7
202605,37,141,1,1,3
202606,37,141,1,1,12
202607,37,141,1,1,16
202608,37,141,1,1,9
202602,37,146,1,1,4
202604,37,146,1,1,3
202606,37,146,1,1,2
202607,37,146,1,1,1
202608,37,146,1,1,2
202601,37,143,1,1,1
202602,37,143,1,1,2
202601,37,149,1,1,503
202602,37,149,1,1,425
202603,37,149,1,1,449
202604,37,149,1,1,675
202605,37,149,1,1,382
202606,37,149,1,1,514
202607,37,149,1,1,652
202608,37,149,1,1,290
202601,37,150,1,1,3
202602,37,150,1,1,6
202603,37,150,1,1,4
202601,37,151,1,1,15
202602,37,151,1,1,608
202603,37,151,1,1,12
202604,37,151,1,1,415
202605,37,151,1,1,30
202606,37,151,1,1,22
202607,37,151,1,1,4
202601,37,152,1,1,55
202602,37,152,1,1,44
202603,37,152,1,1,114
202604,37,152,1,1,100
202605,37,152,1,1,174
202606,37,152,1,1,279
202607,37,152,1,1,537
202608,37,152,1,1,524
202601,37,153,1,1,318
202602,37,153,1,1,334
202603,37,153,1,1,382
202604,37,153,1,1,359
202605,37,153,1,1,383
202606,37,153,1,1,537
202607,37,153,1,1,490
202608,37,153,1,1,449
202602,37,154,1,1,2
202603,37,154,1,1,7
202604,37,154,1,1,5
202605,37,154,1,1,1
202606,37,154,1,1,3
202601,37,155,1,1,468
202602,37,155,1,1,679
202603,37,155,1,1,785
202604,37,155,1,1,743
202605,37,155,1,1,806
202606,37,155,1,1,1087
202607,37,155,1,1,1399
202608,37,155,1,1,851
202601,37,157,1,1,3
202602,37,157,1,1,12
202603,37,157,1,1,15
202604,37,157,1,1,2
202605,37,157,1,1,1
202606,37,157,1,1,2
202607,37,157,1,1,1
202608,37,157,1,1,6
202601,37,163,1,1,8
202602,37,163,1,1,2
202603,37,163,1,1,1
202604,37,163,1,1,3
202605,37,163,1,1,2
202607,37,163,1,1,4
202608,37,163,1,1,1
202601,37,166,1,1,9
202602,37,166,1,1,6
202603,37,166,1,1,16
202604,37,166,1,1,12
202605,37,166,1,1,27
202606,37,166,1,1,17
202607,37,166,1,1,3
202608,37,166,1,1,6
202602,37,167,1,1,2
202604,37,167,1,1,2
202605,37,167,1,1,1
202607,37,167,1,1,1
202608,37,167,1,1,2
202601,37,168,1,1,134
202602,37,168,1,1,67
202603,37,168,1,1,124
202604,37,168,1,1,68
202605,37,168,1,1,158
202606,37,168,1,1,134
202607,37,168,1,1,45
202608,37,168,1,1,32
202601,37,170,1,1,3
202603,37,170,1,1,2
202605,37,170,1,1,1
202607,37,170,1,1,3
202601,37,171,1,1,4
202602,37,171,1,1,11
202603,37,171,1,1,81
202604,37,171,1,1,22
202605,37,171,1,1,23
202606,37,171,1,1,14
202607,37,171,1,1,7
202608,37,171,1,1,17
202607,37,173,1,1,2
202601,37,177,1,1,467
202602,37,177,1,1,483
202603,37,177,1,1,780
202604,37,177,1,1,240
202605,37,177,1,1,909
202606,37,177,1,1,701
202607,37,177,1,1,656
202608,37,177,1,1,1365
202605,37,178,1,1,1
202607,37,178,1,1,1
202608,37,178,1,1,1
202601,37,179,1,1,3
202602,37,179,1,1,8
202603,37,179,1,1,8
202604,37,179,1,1,14
202605,37,179,1,1,10
202606,37,179,1,1,5
202607,37,179,1,1,3
202608,37,179,1,1,3
202601,37,180,1,1,5
202603,37,180,1,1,2
202604,37,180,1,1,1
202606,37,180,1,1,1
202608,37,180,1,1,1
202605,37,181,1,1,11
202606,37,181,1,1,9
202607,37,181,1,1,2
202608,37,181,1,1,4
202602,37,183,1,1,1
202601,37,185,1,1,19
202602,37,185,1,1,43
202603,37,185,1,1,56
202604,37,185,1,1,57
202605,37,185,1,1,28
202606,37,185,1,1,65
202607,37,185,1,1,56
202608,37,185,1,1,53
202601,37,186,1,1,373
202602,37,186,1,1,394
202603,37,186,1,1,577
202604,37,186,1,1,601
202605,37,186,1,1,414
202606,37,186,1,1,455
202607,37,186,1,1,435
202608,37,186,1,1,642
202601,37,187,1,1,499
202602,37,187,1,1,328
202603,37,187,1,1,396
202604,37,187,1,1,193
202605,37,187,1,1,518
202606,37,187,1,1,456
202607,37,187,1,1,302
202608,37,187,1,1,361
202601,37,188,1,1,1
202601,37,189,1,1,129
202602,37,189,1,1,113
202603,37,189,1,1,140
202604,37,189,1,1,133
202605,37,189,1,1,119
202606,37,189,1,1,129
202607,37,189,1,1,121
202608,37,189,1,1,143
202601,37,190,1,1,7811
202602,37,190,1,1,4176
202603,37,190,1,1,10288
202604,37,190,1,1,12400
202605,37,190,1,1,15306
202606,37,190,1,1,16295
202607,37,190,1,1,14240
202608,37,190,1,1,13934
202601,37,192,1,1,97
202602,37,192,1,1,74
202603,37,192,1,1,105
202604,37,192,1,1,89
202605,37,192,1,1,112
202606,37,192,1,1,111
202607,37,192,1,1,127
202608,37,192,1,1,90
202601,37,193,1,1,1
202602,37,193,1,1,1
202605,37,193,1,1,1
202601,37,194,1,1,535
202602,37,194,1,1,358
202603,37,194,1,1,2342
202605,37,194,1,1,5
202607,37,194,1,1,5
202601,37,195,1,1,4
202603,37,195,1,1,2
202604,37,195,1,1,1
202605,37,195,1,1,2
202606,37,195,1,1,4
202607,37,195,1,1,3
202601,37,196,1,1,4
202602,37,196,1,1,2
202603,37,196,1,1,2
202604,37,196,1,1,4
202606,37,196,1,1,4
202602,37,197,1,1,1
202607,37,197,1,1,2
202601,37,198,1,1,693
202602,37,198,1,1,458
202603,37,198,1,1,388
202604,37,198,1,1,158
202605,37,198,1,1,122
202606,37,198,1,1,213
202607,37,198,1,1,207
202608,37,198,1,1,143
202607,37,199,1,1,5
202608,37,199,1,1,14
202607,37,201,1,1,1
202601,37,202,1,1,257
202602,37,202,1,1,153
202603,37,202,1,1,615
202604,37,202,1,1,496
202605,37,202,1,1,554
202606,37,202,1,1,1062
202607,37,202,1,1,982
202608,37,202,1,1,906
202601,37,203,1,1,5
202602,37,203,1,1,9
202603,37,203,1,1,12
202604,37,203,1,1,8
202605,37,203,1,1,13
202606,37,203,1,1,12
202607,37,203,1,1,12
202608,37,203,1,1,4
202601,37,205,1,1,672
202602,37,205,1,1,664
202603,37,205,1,1,1342
202604,37,205,1,1,962
202605,37,205,1,1,742
202606,37,205,1,1,890
202607,37,205,1,1,1252
202608,37,205,1,1,918
202601,37,206,1,1,4
202602,37,206,1,1,4
202603,37,206,1,1,2
202604,37,206,1,1,2
202605,37,206,1,1,2
202607,37,206,1,1,1
202608,37,206,1,1,1
202601,37,207,1,1,2855
202602,37,207,1,1,2559
202603,37,207,1,1,4288
202604,37,207,1,1,3854
202605,37,207,1,1,3870
202606,37,207,1,1,4482
202607,37,207,1,1,6041
202608,37,207,1,1,5211
202602,37,208,1,1,1
202606,37,208,1,1,1
202607,37,208,1,1,3
202608,37,208,1,1,2
202604,37,210,1,1,4
202605,37,210,1,1,2
202606,37,210,1,1,64
202607,37,210,1,1,35
202608,37,210,1,1,39
202603,37,212,1,1,1
202606,37,212,1,1,2
202607,37,212,1,1,3
202608,37,212,1,1,2
202601,37,213,1,1,2
202603,37,213,1,1,1
202604,37,213,1,1,1
202605,37,213,1,1,1
202606,37,213,1,1,3
202607,37,213,1,1,4
202608,37,213,1,1,6
202601,37,215,1,1,564
202602,37,215,1,1,805
202603,37,215,1,1,1780
202604,37,215,1,1,1260
202605,37,215,1,1,1326
202606,37,215,1,1,1381
202607,37,215,1,1,1670
202608,37,215,1,1,1664
202603,37,216,1,1,1
202601,37,218,1,1,83
202602,37,218,1,1,76
202603,37,218,1,1,89
202604,37,218,1,1,82
202605,37,218,1,1,60
202606,37,218,1,1,110
202607,37,218,1,1,139
202608,37,218,1,1,75
202605,37,219,1,1,2
202607,37,219,1,1,4
202608,37,219,1,1,1
202601,37,220,1,1,1
202604,37,220,1,1,1
202607,37,220,1,1,1
202603,37,222,1,1,1
202608,37,222,1,1,1
202601,37,226,1,1,203
202602,37,226,1,1,338
202603,37,226,1,1,335
202604,37,226,1,1,291
202605,37,226,1,1,354
202606,37,226,1,1,538
202607,37,226,1,1,606
202608,37,226,1,1,674
202606,37,227,1,1,1
202607,37,228,1,1,2
202602,37,230,1,1,1
202606,37,230,1,1,2
202601,37,232,1,1,36139
202602,37,232,1,1,33500
202603,37,232,1,1,51787
202604,37,232,1,1,40291
202605,37,232,1,1,43109
202606,37,232,1,1,47465
202607,37,232,1,1,55877
202608,37,232,1,1,49273
202601,37,235,1,1,407
202602,37,235,1,1,293
202603,37,235,1,1,293
202604,37,235,1,1,389
202605,37,235,1,1,399
202606,37,235,1,1,486
202607,37,235,1,1,705
202608,37,235,1,1,610
202601,37,237,1,1,17
202602,37,237,1,1,14
202603,37,237,1,1,29
202604,37,237,1,1,21
202605,37,237,1,1,18
202606,37,237,1,1,21
202607,37,237,1,1,27
202608,37,237,1,1,21
202601,37,239,1,1,181
202602,37,239,1,1,131
202603,37,239,1,1,100
202604,37,239,1,1,168
202605,37,239,1,1,89
202606,37,239,1,1,111
202607,37,239,1,1,111
202608,37,239,1,1,42
202601,37,240,1,1,19
202602,37,240,1,1,33
202603,37,240,1,1,28
202604,37,240,1,1,24
202605,37,240,1,1,22
202606,37,240,1,1,31
202607,37,240,1,1,22
202608,37,240,1,1,22
202601,37,243,1,1,1
202604,37,243,1,1,4
202605,37,243,1,1,6
202606,37,243,1,1,10
202607,37,243,1,1,4
202608,37,243,1,1,10
202601,37,245,1,1,13
202602,37,245,1,1,9
202603,37,245,1,1,3
202604,37,245,1,1,21
202605,37,245,1,1,7
202606,37,245,1,1,2
202607,37,245,1,1,9
202608,37,245,1,1,4
202603,37,246,1,1,1
202601,37,247,1,1,148
202602,37,247,1,1,39
202603,37,247,1,1,92
202604,37,247,1,1,81
202605,37,247,1,1,76
202606,37,247,1,1,62
202607,37,247,1,1,51
202608,37,247,1,1,23
202608,37,248,1,1,1
202601,37,258,1,1,1
202605,37,258,1,1,2
202607,37,258,1,1,2
202608,37,258,1,1,1
202604,37,250,1,1,1
202601,37,251,1,1,1
202607,37,254,1,1,2
202608,37,254,1,1,1
202602,37,256,1,1,3
202605,37,257,1,1,1
202602,37,260,1,1,1
202603,37,260,1,1,5
202604,37,260,1,1,3
202605,37,260,1,1,1
202608,37,261,1,1,1
202602,37,264,1,1,2
202603,37,264,1,1,1
202607,37,264,1,1,2
202601,37,265,1,1,4
202602,37,265,1,1,1
202603,37,265,1,1,2
202604,37,265,1,1,4
202606,37,265,1,1,1
202608,37,265,1,1,1
202601,37,269,1,1,6
202602,37,269,1,1,4
202603,37,269,1,1,2
202604,37,269,1,1,1
202605,37,269,1,1,2
202606,37,269,1,1,3
202607,37,269,1,1,1
202608,37,269,1,1,1
202605,37,270,1,1,15
202601,37,271,1,1,2
202602,37,271,1,1,7
202603,37,271,1,1,3
202604,37,271,1,1,1
202605,37,271,1,1,1
202607,37,272,1,1,1
202601,37,274,1,1,2
202602,37,274,1,1,2
202603,37,274,1,1,3
202604,37,274,1,1,2
202605,37,274,1,1,1
202606,37,274,1,1,1
202607,37,274,1,1,4
202608,37,274,1,1,2
202602,37,275,1,1,1
202606,37,275,1,1,1
202603,37,276,1,1,1
202601,37,279,1,1,3
202602,37,279,1,1,3
202603,37,279,1,1,7
202604,37,279,1,1,1
202605,37,279,1,1,3
202606,37,279,1,1,3
202607,37,279,1,1,3
202608,37,279,1,1,2
202601,37,280,1,1,40
202603,37,280,1,1,50
202601,37,286,1,1,5
202605,37,286,1,1,1
202607,37,286,1,1,1
202601,37,289,1,1,1
202603,37,290,1,1,3
202608,37,290,1,1,2
202601,37,298,1,1,1
202604,37,298,1,1,1
202605,37,298,1,1,1
202607,37,298,1,1,1
202601,37,300,1,1,2
202601,37,291,1,1,8
202602,37,291,1,1,16
202603,37,291,1,1,22
202604,37,291,1,1,24
202605,37,291,1,1,10
202606,37,291,1,1,20
202607,37,291,1,1,29
202608,37,291,1,1,36
202608,37,292,1,1,1
202601,37,303,1,1,3
202602,37,303,1,1,5
202604,37,303,1,1,8
202605,37,303,1,1,2
202606,37,303,1,1,2
202607,37,303,1,1,1
202608,37,303,1,1,2
202601,37,304,1,1,20
202602,37,304,1,1,7
202603,37,304,1,1,6
202604,37,304,1,1,3
202605,37,304,1,1,2
202606,37,304,1,1,1
202607,37,304,1,1,1
202608,37,304,1,1,1
202601,37,305,1,1,6
202602,37,305,1,1,4
202603,37,305,1,1,1
202604,37,305,1,1,6
202605,37,305,1,1,3
202606,37,305,1,1,5
202607,37,305,1,1,11
202608,37,305,1,1,3
202605,37,306,1,1,1
202604,37,307,1,1,4
202601,37,308,1,1,3
202602,37,308,1,1,2
202603,37,308,1,1,3
202604,37,308,1,1,5
202606,37,308,1,1,4
202607,37,308,1,1,3
202608,37,308,1,1,3
202601,37,310,1,1,1
202602,37,310,1,1,4
202603,37,310,1,1,2
202604,37,310,1,1,2
202605,37,310,1,1,2
202606,37,310,1,1,6
202607,37,310,1,1,8
202608,37,310,1,1,3
202601,37,311,1,1,19
202602,37,311,1,1,24
202603,37,311,1,1,30
202604,37,311,1,1,34
202605,37,311,1,1,11
202606,37,311,1,1,4
202607,37,311,1,1,1
